"Origin Movement ID","Origin Display Name","Destination Movement ID","Destination Display Name","Date Range","Mean Travel Time (Seconds)","Range - Lower Bound Travel Time (Seconds)","Range - Upper Bound Travel Time (Seconds)"
"166","nullRBI Enclave Road, Ankur Enclave, Paschim Vihar, Delhi","1","300 Ring Road, Block CB, Naraina Village, Naraina, New Delhi","11/8/2016 - 11/8/2016, Every day, AM Peak",1458,1058,2007
"166","nullRBI Enclave Road, Ankur Enclave, Paschim Vihar, Delhi","2","Unnamed Road, Delhi Cantonment, New Delhi","11/8/2016 - 11/8/2016, Every day, AM Peak",1544,1130,2109
"166","nullRBI Enclave Road, Ankur Enclave, Paschim Vihar, Delhi","3","Unnamed Road, Mahipalpur, New Delhi","11/8/2016 - 11/8/2016, Every day, AM Peak",2887,2387,3490
"166","nullRBI Enclave Road, Ankur Enclave, Paschim Vihar, Delhi","4","P-268/3, Rock View, Delhi Cantonment, Delhi","11/8/2016 - 11/8/2016, Every day, AM Peak",2601,2134,3169
"166","nullRBI Enclave Road, Ankur Enclave, Paschim Vihar, Delhi","5","Old Palam Road, Delhi Cantonment, New Delhi","11/8/2016 - 11/8/2016, Every day, AM Peak",2509,1916,3284
"166","nullRBI Enclave Road, Ankur Enclave, Paschim Vihar, Delhi","6","Unnamed Road, CVD Line, Delhi Cantonment, New Delhi","11/8/2016 - 11/8/2016, Every day, AM Peak",1597,1249,2041
"166","nullRBI Enclave Road, Ankur Enclave, Paschim Vihar, Delhi","7","P 13, Baird Place, Delhi Cantonment, New Delhi","11/8/2016 - 11/8/2016, Every day, AM Peak",1488,1114,1987
"166","nullRBI Enclave Road, Ankur Enclave, Paschim Vihar, Delhi","8","Mall Road, Khyber Lines, Delhi Cantonment, New Delhi","11/8/2016 - 11/8/2016, Every day, AM Peak",1892,1461,2448
"166","nullRBI Enclave Road, Ankur Enclave, Paschim Vihar, Delhi","9","Mahatma Jyothi Rao Phule Marg, Mahatma Jyoti Rao Phule Marg Area, New Delhi","11/8/2016 - 11/8/2016, Every day, AM Peak",2678,2098,3418
"166","nullRBI Enclave Road, Ankur Enclave, Paschim Vihar, Delhi","10","0 Shaheed Bhagat Singh Marg, DIZ Staff Quarters, Connaught Place, New Delhi","11/8/2016 - 11/8/2016, Every day, AM Peak",2551,1937,3358
"166","nullRBI Enclave Road, Ankur Enclave, Paschim Vihar, Delhi","11","Mother Teresa Crescent, Talkatora Garden, Central Ridge Reserve Forest, New Delhi","11/8/2016 - 11/8/2016, Every day, AM Peak",2079,1517,2848
"166","nullRBI Enclave Road, Ankur Enclave, Paschim Vihar, Delhi","12","Jantar Mantar Road, Janpath, Connaught Place, New Delhi","11/8/2016 - 11/8/2016, Every day, AM Peak",2674,1940,3684
"166","nullRBI Enclave Road, Ankur Enclave, Paschim Vihar, Delhi","13","10, Aurangzeb Road, New Delhi","11/8/2016 - 11/8/2016, Every day, AM Peak",2956,2271,3846
"166","nullRBI Enclave Road, Ankur Enclave, Paschim Vihar, Delhi","14","Mahatma Gandhi Road, Kidwai Nagar West, Kidwai Nagar, New Delhi","11/8/2016 - 11/8/2016, Every day, AM Peak",2759,2111,3605
"166","nullRBI Enclave Road, Ankur Enclave, Paschim Vihar, Delhi","16","Andre Malraux Marg, Ramnagar, Chanakyapuri, New Delhi","11/8/2016 - 11/8/2016, Every day, AM Peak",2128,1656,2734
"166","nullRBI Enclave Road, Ankur Enclave, Paschim Vihar, Delhi","18","Unnamed Road, Lal Qila, Chandni Chowk, New Delhi","11/8/2016 - 11/8/2016, Every day, AM Peak",2779,1769,4363
"166","nullRBI Enclave Road, Ankur Enclave, Paschim Vihar, Delhi","19","Mirdard Road, 64 Khamba, Maulana Azad Medical College Campus, New Delhi","11/8/2016 - 11/8/2016, Every day, AM Peak",2886,2622,3176
"166","nullRBI Enclave Road, Ankur Enclave, Paschim Vihar, Delhi","23","nullStreet Number 5 NA Block, NA Block, Khayala, Vishnu Garden, नई दिल्ली","11/8/2016 - 11/8/2016, Every day, AM Peak",458,265,788
"166","nullRBI Enclave Road, Ankur Enclave, Paschim Vihar, Delhi","24","268, Block B2, Shiv Nagar, Janakpuri, New Delhi","11/8/2016 - 11/8/2016, Every day, AM Peak",645,395,1051
"166","nullRBI Enclave Road, Ankur Enclave, Paschim Vihar, Delhi","25","nullNehru Vihar Road, B Block, A Block, Nehru Vihar, Mukherjee Nagar, Delhi","11/8/2016 - 11/8/2016, Every day, AM Peak",1567,1151,2132
"166","nullRBI Enclave Road, Ankur Enclave, Paschim Vihar, Delhi","26","A3-214, Asalatpur Village, Janakpuri, Delhi","11/8/2016 - 11/8/2016, Every day, AM Peak",634,391,1027
"166","nullRBI Enclave Road, Ankur Enclave, Paschim Vihar, Delhi","27","0 Ram Mandir Marg, C5B Block, Janakpuri, New Delhi","11/8/2016 - 11/8/2016, Every day, AM Peak",870,569,1328
"166","nullRBI Enclave Road, Ankur Enclave, Paschim Vihar, Delhi","28","nullSchool Road, Block M, Uttam Nagar, Delhi","11/8/2016 - 11/8/2016, Every day, AM Peak",1122,631,1993
"166","nullRBI Enclave Road, Ankur Enclave, Paschim Vihar, Delhi","29","Street Number 14, Block C, Sitapuri Part 1, Janakpuri, New Delhi","11/8/2016 - 11/8/2016, Every day, AM Peak",1158,732,1830
"166","nullRBI Enclave Road, Ankur Enclave, Paschim Vihar, Delhi","31","Main Jhatikra Road, Paprawat, Delhi","11/8/2016 - 11/8/2016, Every day, AM Peak",2089,1818,2400
"166","nullRBI Enclave Road, Ankur Enclave, Paschim Vihar, Delhi","32","METRO MALL, Pocket 1, Sector 14 Dwarka, Dwarka, New Delhi","11/8/2016 - 11/8/2016, Every day, AM Peak",1739,1414,2138
"166","nullRBI Enclave Road, Ankur Enclave, Paschim Vihar, Delhi","40","Gali Saini Tent, Ram Nagar, Shahdara, Delhi","11/8/2016 - 11/8/2016, Every day, AM Peak",2587,2200,3040
"166","nullRBI Enclave Road, Ankur Enclave, Paschim Vihar, Delhi","41","Lala Raghubar Dayal Marg, Phase 4, Block B, Subhash Park, Shahdara, Delhi","11/8/2016 - 11/8/2016, Every day, AM Peak",2513,2142,2947
"166","nullRBI Enclave Road, Ankur Enclave, Paschim Vihar, Delhi","43","A537, New Seelampur Phase II, New Seelampur, Shahdara, Delhi","11/8/2016 - 11/8/2016, Every day, AM Peak",2387,2042,2789
"166","nullRBI Enclave Road, Ankur Enclave, Paschim Vihar, Delhi","61","Unnamed Road, National Zoological Park, Sundar Nagar, New Delhi","11/8/2016 - 11/8/2016, Every day, AM Peak",2772,2198,3495
"166","nullRBI Enclave Road, Ankur Enclave, Paschim Vihar, Delhi","62","D/116, Jeewan Nagar, Sunlight Colony, New Delhi","11/8/2016 - 11/8/2016, Every day, AM Peak",3269,2802,3812
"166","nullRBI Enclave Road, Ankur Enclave, Paschim Vihar, Delhi","63","Jawaharlal Nehru Stadium Marg, CGO Complex, Pragati Vihar, New Delhi","11/8/2016 - 11/8/2016, Every day, AM Peak",3628,3230,4074
"166","nullRBI Enclave Road, Ankur Enclave, Paschim Vihar, Delhi","64","6/37, Vikram Vihar, Lajpat Nagar IV, Lajpat Nagar, New Delhi","11/8/2016 - 11/8/2016, Every day, AM Peak",3260,2583,4112
"166","nullRBI Enclave Road, Ankur Enclave, Paschim Vihar, Delhi","65","Shaheed Jeet Singh Marg, NCERT Campus, Qutab Institutional Area, New Delhi","11/8/2016 - 11/8/2016, Every day, AM Peak",3384,2475,4625
"166","nullRBI Enclave Road, Ankur Enclave, Paschim Vihar, Delhi","67","63/33, Hudco Place, Andrews Ganj Extension, Andrews Ganj, New Delhi","11/8/2016 - 11/8/2016, Every day, AM Peak",3111,2439,3968
"166","nullRBI Enclave Road, Ankur Enclave, Paschim Vihar, Delhi","68","0 Paschimi Marg, Block E, Vasant Vihar, New Delhi","11/8/2016 - 11/8/2016, Every day, AM Peak",2998,2387,3764
"166","nullRBI Enclave Road, Ankur Enclave, Paschim Vihar, Delhi","69","1129, Sector 2 R K Puram, Sector 2, RK Puram, New Delhi","11/8/2016 - 11/8/2016, Every day, AM Peak",2697,2191,3318
"166","nullRBI Enclave Road, Ankur Enclave, Paschim Vihar, Delhi","70","G288, Sector 3, Block G, Nanak Pura, South Moti Bagh, New Delhi","11/8/2016 - 11/8/2016, Every day, AM Peak",2133,1652,2752
"166","nullRBI Enclave Road, Ankur Enclave, Paschim Vihar, Delhi","71","JNU Ring Road, Jawaharlal Nehru University, New Delhi","11/8/2016 - 11/8/2016, Every day, AM Peak",2989,2406,3713
"166","nullRBI Enclave Road, Ankur Enclave, Paschim Vihar, Delhi","80","E-492, Block E, Greater Kailash II, Greater Kailash, New Delhi","11/8/2016 - 11/8/2016, Every day, AM Peak",3428,2754,4266
"166","nullRBI Enclave Road, Ankur Enclave, Paschim Vihar, Delhi","82","286, Asian Games Village Complex, Siri Fort, New Delhi","11/8/2016 - 11/8/2016, Every day, AM Peak",3266,2664,4003
"166","nullRBI Enclave Road, Ankur Enclave, Paschim Vihar, Delhi","83","C2, Block C, Kailash Colony, Greater Kailash, New Delhi","11/8/2016 - 11/8/2016, Every day, AM Peak",3617,2952,4431
"166","nullRBI Enclave Road, Ankur Enclave, Paschim Vihar, Delhi","84","nullMathura Road, Friends Colony West, Block A, New Friends Colony, New Delhi","11/8/2016 - 11/8/2016, Every day, AM Peak",3779,3253,4389
"166","nullRBI Enclave Road, Ankur Enclave, Paschim Vihar, Delhi","85","Outer Ring Road, Block 13, Nehru Enclave East, Okhla Industrial Area, New Delhi","11/8/2016 - 11/8/2016, Every day, AM Peak",3811,2894,5018
"166","nullRBI Enclave Road, Ankur Enclave, Paschim Vihar, Delhi","91","nullTum Road, Sanjay Colony II, Sanjay Colony, Okhla Phase II, Okhla Industrial Area, New Delhi","11/8/2016 - 11/8/2016, Every day, AM Peak",4216,3472,5118
"166","nullRBI Enclave Road, Ankur Enclave, Paschim Vihar, Delhi","100","Maharishi Balmiki Marg, Police Colony, Sarai Khalil, Sadar Bazaar, New Delhi","11/8/2016 - 11/8/2016, Every day, AM Peak",2090,1631,2678
"166","nullRBI Enclave Road, Ankur Enclave, Paschim Vihar, Delhi","101","4900 Ramdwara Road, Chuna Mandi, Aram Bagh, Paharganj, New Delhi","11/8/2016 - 11/8/2016, Every day, AM Peak",2407,1943,2981
"166","nullRBI Enclave Road, Ankur Enclave, Paschim Vihar, Delhi","103","nullDasghara Road, Dasghara, New Delhi","11/8/2016 - 11/8/2016, Every day, AM Peak",1519,1038,2221
"166","nullRBI Enclave Road, Ankur Enclave, Paschim Vihar, Delhi","105","nullGoswami Girdhari Lal Marg, Industrial Area Phase I, Block C, Naraina Industrial Area Phase 1, Naraina, New Delhi","11/8/2016 - 11/8/2016, Every day, AM Peak",1436,1028,2004
"166","nullRBI Enclave Road, Ankur Enclave, Paschim Vihar, Delhi","116","9/5284, Shanti Mohalla, Seelampur, Shahdara, Delhi","11/8/2016 - 11/8/2016, Every day, AM Peak",2446,2112,2831
"166","nullRBI Enclave Road, Ankur Enclave, Paschim Vihar, Delhi","121","22/55, West Punjabi Bagh, Punjabi Bagh, Delhi","11/8/2016 - 11/8/2016, Every day, AM Peak",694,424,1135
"166","nullRBI Enclave Road, Ankur Enclave, Paschim Vihar, Delhi","122","2600 Mandir Wali Gali, Ranjeet Nagar, Shadipur, Delhi","11/8/2016 - 11/8/2016, Every day, AM Peak",1453,1022,2063
"166","nullRBI Enclave Road, Ankur Enclave, Paschim Vihar, Delhi","123","Loknath Marg, Block M, Kirti Nagar, New Delhi","11/8/2016 - 11/8/2016, Every day, AM Peak",1122,758,1659
"166","nullRBI Enclave Road, Ankur Enclave, Paschim Vihar, Delhi","124","30, 31, Block B, Mansarover Garden, New Delhi","11/8/2016 - 11/8/2016, Every day, AM Peak",1162,807,1673
"166","nullRBI Enclave Road, Ankur Enclave, Paschim Vihar, Delhi","127","NDPL House, Lala Achintaram Marg, Block B, Gujranwala Town, Delhi","11/8/2016 - 11/8/2016, Every day, AM Peak",2005,1668,2408
"166","nullRBI Enclave Road, Ankur Enclave, Paschim Vihar, Delhi","128","0 Shakti Mandir Marg, Block 10, Shakti Nagar, Delhi","11/8/2016 - 11/8/2016, Every day, AM Peak",1835,1365,2465
"166","nullRBI Enclave Road, Ankur Enclave, Paschim Vihar, Delhi","129","Gali Number 8, Anand Parbat, New Delhi","11/8/2016 - 11/8/2016, Every day, AM Peak",1266,921,1739
"166","nullRBI Enclave Road, Ankur Enclave, Paschim Vihar, Delhi","130","Bhagat Singh Marg, Kashmiri Bagh, Chandra Shekhar Azad Colony, Sarai Rohilla, New Delhi","11/8/2016 - 11/8/2016, Every day, AM Peak",1637,1230,2177
"166","nullRBI Enclave Road, Ankur Enclave, Paschim Vihar, Delhi","131","4400 Gali Bahuji, Pahari Dhiraj, Sadar Bazaar, Delhi","11/8/2016 - 11/8/2016, Every day, AM Peak",1845,1391,2446
"166","nullRBI Enclave Road, Ankur Enclave, Paschim Vihar, Delhi","132","1600 Lothian Road, Chabi Ganj, Kashmere Gate, New Delhi","11/8/2016 - 11/8/2016, Every day, AM Peak",2233,1681,2965
"166","nullRBI Enclave Road, Ankur Enclave, Paschim Vihar, Delhi","133","0 Raj Niwas Marg, Ludlow Castle, Civil Lines, Delhi","11/8/2016 - 11/8/2016, Every day, AM Peak",2007,1496,2690
"166","nullRBI Enclave Road, Ankur Enclave, Paschim Vihar, Delhi","135","0 Uggarsen Market Road, Meenakshi Garden, Ashok Nagar, Delhi","11/8/2016 - 11/8/2016, Every day, AM Peak",713,453,1120
"166","nullRBI Enclave Road, Ankur Enclave, Paschim Vihar, Delhi","136","nullKeshopur Road, New Chaukhandi, Paschim Vihar, Delhi","11/8/2016 - 11/8/2016, Every day, AM Peak",191,104,350
"166","nullRBI Enclave Road, Ankur Enclave, Paschim Vihar, Delhi","137","nullRoad Number 235, Block H, Vikaspuri, Delhi","11/8/2016 - 11/8/2016, Every day, AM Peak",262,146,467
"166","nullRBI Enclave Road, Ankur Enclave, Paschim Vihar, Delhi","139","nullBudh Bazar Road, Nawada, Nawada Majra Village, Nawada, Delhi","11/8/2016 - 11/8/2016, Every day, AM Peak",1443,1095,1900
"166","nullRBI Enclave Road, Ankur Enclave, Paschim Vihar, Delhi","140","A12/B, Sainik Nagar, Mansa Ram Park, Uttam Nagar, Delhi","11/8/2016 - 11/8/2016, Every day, AM Peak",1464,1155,1854
"166","nullRBI Enclave Road, Ankur Enclave, Paschim Vihar, Delhi","142","Gali Number 1, Dabri Village, Dabri, New Delhi","11/8/2016 - 11/8/2016, Every day, AM Peak",1046,703,1554
"166","nullRBI Enclave Road, Ankur Enclave, Paschim Vihar, Delhi","143","nullRoad Number 221, Pocket 1, Sector 10 Dwarka, Dwarka, Delhi","11/8/2016 - 11/8/2016, Every day, AM Peak",1858,1346,2563
"166","nullRBI Enclave Road, Ankur Enclave, Paschim Vihar, Delhi","146","nullKotla Road, Pocket F2, Pocket 1, Sector 11F, Rohini, Delhi","11/8/2016 - 11/8/2016, Every day, AM Peak",1299,992,1700
"166","nullRBI Enclave Road, Ankur Enclave, Paschim Vihar, Delhi","148","Unnamed Road, Patparganj, New Delhi","11/8/2016 - 11/8/2016, Every day, AM Peak",3379,2817,4051
"166","nullRBI Enclave Road, Ankur Enclave, Paschim Vihar, Delhi","154","nullGali Number 6, Block B, Block D, Vinod Nagar North, Delhi","11/8/2016 - 11/8/2016, Every day, AM Peak",3337,2767,4024
"166","nullRBI Enclave Road, Ankur Enclave, Paschim Vihar, Delhi","155","Maharaja Agaersen Road, Block D, Pocket D, Phase 1, Ashok Vihar, Delhi","11/8/2016 - 11/8/2016, Every day, AM Peak",1559,1174,2068
"166","nullRBI Enclave Road, Ankur Enclave, Paschim Vihar, Delhi","156","Doctor Satpal Sachdeva Marg, Keshav Puram, Tri Nagar, Delhi","11/8/2016 - 11/8/2016, Every day, AM Peak",1380,1065,1786
"166","nullRBI Enclave Road, Ankur Enclave, Paschim Vihar, Delhi","157","CH Devender Singh Tewatia Marg, Ashok Vihar II, Pocket B 1, Phase 3, Ashok Vihar, Delhi","11/8/2016 - 11/8/2016, Every day, AM Peak",1726,1341,2221
"166","nullRBI Enclave Road, Ankur Enclave, Paschim Vihar, Delhi","159","300 Maharishi Balmiki Mandir Marg, Block H, Shakurpur Colony, Pitampura, Delhi","11/8/2016 - 11/8/2016, Every day, AM Peak",1300,951,1776
"166","nullRBI Enclave Road, Ankur Enclave, Paschim Vihar, Delhi","160","23, Shiva Enclave, Pitampura, Delhi","11/8/2016 - 11/8/2016, Every day, AM Peak",575,379,870
"166","nullRBI Enclave Road, Ankur Enclave, Paschim Vihar, Delhi","161","nullLawrence Road, Rampura Industrial Area, Tri Nagar, Delhi","11/8/2016 - 11/8/2016, Every day, AM Peak",978,643,1485
"166","nullRBI Enclave Road, Ankur Enclave, Paschim Vihar, Delhi","163","0 Guru Harkishan Marg, Maulana Azad Society, Bhagwan Buddha Housing Corporation Society, Pitampura, Delhi","11/8/2016 - 11/8/2016, Every day, AM Peak",401,238,673
"166","nullRBI Enclave Road, Ankur Enclave, Paschim Vihar, Delhi","164","Shakurbasti Pedestrian Foot Over Bridge, Shakur Basti Railway Colony, Railway Colony South, Pitampura, Delhi","11/8/2016 - 11/8/2016, Every day, AM Peak",640,367,1115
"166","nullRBI Enclave Road, Ankur Enclave, Paschim Vihar, Delhi","165","31, Cottage Enclave, Paschim Vihar, Delhi","11/8/2016 - 11/8/2016, Every day, AM Peak",211,99,445
"166","nullRBI Enclave Road, Ankur Enclave, Paschim Vihar, Delhi","167","nullShaheed Udham Singh Marg, AE Block, Poorbi Shalimar Bag, Shalimar Bagh, Delhi","11/8/2016 - 11/8/2016, Every day, AM Peak",1401,1063,1845
"166","nullRBI Enclave Road, Ankur Enclave, Paschim Vihar, Delhi","168","nullGyan Shakti Mandir Marg, Block BA, West Shalimar Bagh, Shalimar Bagh, Delhi","11/8/2016 - 11/8/2016, Every day, AM Peak",1237,943,1622
"166","nullRBI Enclave Road, Ankur Enclave, Paschim Vihar, Delhi","169","G-9, Block F 1U, Ranikhet, Pitampura, Delhi","11/8/2016 - 11/8/2016, Every day, AM Peak",787,534,1158
"166","nullRBI Enclave Road, Ankur Enclave, Paschim Vihar, Delhi","170","nullColony Road, Block QP, Poorvi Pitampura, Pitampura, Delhi","11/8/2016 - 11/8/2016, Every day, AM Peak",829,488,1406
"166","nullRBI Enclave Road, Ankur Enclave, Paschim Vihar, Delhi","171","nullG Block Road, Pocket 21, Sector 7G, Rohini, Delhi","11/8/2016 - 11/8/2016, Every day, AM Peak",840,616,1145
"166","nullRBI Enclave Road, Ankur Enclave, Paschim Vihar, Delhi","172","nullShiva Road, Pocket 14, Sector 8D, Rohini, Delhi","11/8/2016 - 11/8/2016, Every day, AM Peak",636,429,941
"166","nullRBI Enclave Road, Ankur Enclave, Paschim Vihar, Delhi","173","Unnamed Road, Swarn Jayanti Park, Sector 10, Rohini, Delhi","11/8/2016 - 11/8/2016, Every day, AM Peak",900,653,1239
"166","nullRBI Enclave Road, Ankur Enclave, Paschim Vihar, Delhi","174","Road Number 316, Mangol Puri Industrial Area Phase I, Block Q, Mangolpuri, Delhi","11/8/2016 - 11/8/2016, Every day, AM Peak",356,282,448
"166","nullRBI Enclave Road, Ankur Enclave, Paschim Vihar, Delhi","175","235, Block E, Block E, Mangolpuri, Delhi","11/8/2016 - 11/8/2016, Every day, AM Peak",301,175,515
"166","nullRBI Enclave Road, Ankur Enclave, Paschim Vihar, Delhi","176","B7-187, Pocket 7, Sector 3B, Rohini, Delhi","11/8/2016 - 11/8/2016, Every day, AM Peak",456,282,735
"166","nullRBI Enclave Road, Ankur Enclave, Paschim Vihar, Delhi","178","I334, Saini Mohalla, Shiv Vihar, Nangloi, Delhi","11/8/2016 - 11/8/2016, Every day, AM Peak",625,329,1187
"166","nullRBI Enclave Road, Ankur Enclave, Paschim Vihar, Delhi","179","0 AB Road, Block RR, Mianwali Nagar, Paschim Vihar, Delhi","11/8/2016 - 11/8/2016, Every day, AM Peak",231,95,558
"166","nullRBI Enclave Road, Ankur Enclave, Paschim Vihar, Delhi","180","GH-14/234, GH 14, Block GH 14, Paschim Vihar, Delhi","11/8/2016 - 11/8/2016, Every day, AM Peak",241,87,661
"166","nullRBI Enclave Road, Ankur Enclave, Paschim Vihar, Delhi","185","Bawana Road, Puth Khurd, Delhi","11/8/2016 - 11/8/2016, Every day, AM Peak",1213,913,1610
"166","nullRBI Enclave Road, Ankur Enclave, Paschim Vihar, Delhi","186","14, Sector 21, Rohini, Delhi","11/8/2016 - 11/8/2016, Every day, AM Peak",1073,806,1427
"166","nullRBI Enclave Road, Ankur Enclave, Paschim Vihar, Delhi","187","60, Vijay Vihar Phase II, Pocket C, Sector 1, Rohini, Delhi","11/8/2016 - 11/8/2016, Every day, AM Peak",655,466,919
"166","nullRBI Enclave Road, Ankur Enclave, Paschim Vihar, Delhi","188","12/188, Shastri Nagar, Geeta Colony, New Delhi","11/8/2016 - 11/8/2016, Every day, AM Peak",2791,2205,3531
"166","nullRBI Enclave Road, Ankur Enclave, Paschim Vihar, Delhi","189","F22, Block F, Krishna Nagar, Delhi","11/8/2016 - 11/8/2016, Every day, AM Peak",2626,2158,3194
"166","nullRBI Enclave Road, Ankur Enclave, Paschim Vihar, Delhi","191","0 Hasanpur, I.P.Extension, Patparganj, Delhi","11/8/2016 - 11/8/2016, Every day, AM Peak",3517,2940,4205
"166","nullRBI Enclave Road, Ankur Enclave, Paschim Vihar, Delhi","193","Unnamed Road, Usmanpur, Shahdara, Delhi","11/8/2016 - 11/8/2016, Every day, AM Peak",2517,1920,3298
"166","nullRBI Enclave Road, Ankur Enclave, Paschim Vihar, Delhi","196","nullSir Chotu Ram Marg, Pocket 4, Sector 6C, Rohini, Delhi","11/8/2016 - 11/8/2016, Every day, AM Peak",1001,784,1277
"166","nullRBI Enclave Road, Ankur Enclave, Paschim Vihar, Delhi","199","0 Shivaji Marg, New Moti Nagar, Najafgarh Road Industrial Area, Delhi","11/8/2016 - 11/8/2016, Every day, AM Peak",1106,767,1594
"166","nullRBI Enclave Road, Ankur Enclave, Paschim Vihar, Delhi","200","Dabri - Gurgaon Road, Pocket 2, Sector 1 Dwarka, Dwarka, New Delhi","11/8/2016 - 11/8/2016, Every day, AM Peak",1437,1014,2034
"166","nullRBI Enclave Road, Ankur Enclave, Paschim Vihar, Delhi","203","Shahid Hav. Ved Prakash Sharma Marg, Netaji Subhash Vihar, Mundka, Delhi","11/8/2016 - 11/8/2016, Every day, AM Peak",944,669,1331
"166","nullRBI Enclave Road, Ankur Enclave, Paschim Vihar, Delhi","204","0 East Patel Nagar Road, Block 10A, East Patel Nagar, Patel Nagar, New Delhi","11/8/2016 - 11/8/2016, Every day, AM Peak",1621,1153,2278
"166","nullRBI Enclave Road, Ankur Enclave, Paschim Vihar, Delhi","205","2100 Gali Number 14, Block B, Prem Nagar, Patel Nagar, New Delhi","11/8/2016 - 11/8/2016, Every day, AM Peak",1328,919,1918
"166","nullRBI Enclave Road, Ankur Enclave, Paschim Vihar, Delhi","207","0 Maharana Pratap Road, Block 53, Karol Bagh, New Delhi","11/8/2016 - 11/8/2016, Every day, AM Peak",1593,1175,2159
"166","nullRBI Enclave Road, Ankur Enclave, Paschim Vihar, Delhi","208","Desh Bandhu Gupta Road, Block E, Jhandewalan Extension, Jhandewalan, New Delhi","11/8/2016 - 11/8/2016, Every day, AM Peak",2097,1678,2619
"166","nullRBI Enclave Road, Ankur Enclave, Paschim Vihar, Delhi","209","nullMaharaja Agarsen Marg, Block A, CC Colony, Kalyan Vihar, नई दिल्ली","11/8/2016 - 11/8/2016, Every day, AM Peak",2184,1789,2665
"166","nullRBI Enclave Road, Ankur Enclave, Paschim Vihar, Delhi","212","Bawana Road, Sector 30, Rohini, Delhi","11/8/2016 - 11/8/2016, Every day, AM Peak",1684,1296,2187
"166","nullRBI Enclave Road, Ankur Enclave, Paschim Vihar, Delhi","214","Doctor Bhim Rao Ambedkar Marg, Block H, Malka Ganj, Delhi","11/8/2016 - 11/8/2016, Every day, AM Peak",1986,1547,2548
"166","nullRBI Enclave Road, Ankur Enclave, Paschim Vihar, Delhi","215","Unnamed Road, Bagiabad, Jharoda Majra Burari, Delhi","11/8/2016 - 11/8/2016, Every day, AM Peak",1529,1032,2263
"166","nullRBI Enclave Road, Ankur Enclave, Paschim Vihar, Delhi","216","0 Main Canal Road, Harit Vihar, Mukandpur Part 2, Mukundpur, Delhi","11/8/2016 - 11/8/2016, Every day, AM Peak",1344,901,2003
"166","nullRBI Enclave Road, Ankur Enclave, Paschim Vihar, Delhi","218","nullTandoor Wali Gali, Swami Shraddhanand Park, Bhalswa Dairy, Jahangirpura, Delhi","11/8/2016 - 11/8/2016, Every day, AM Peak",977,713,1337
"166","nullRBI Enclave Road, Ankur Enclave, Paschim Vihar, Delhi","219","461, Block AG, Sanjay Gandhi Transport Nagar, Delhi","11/8/2016 - 11/8/2016, Every day, AM Peak",898,623,1292
"166","nullRBI Enclave Road, Ankur Enclave, Paschim Vihar, Delhi","221","Srinagar - Kanyakumari Highway, Bhalswa Jahangirpuri, Jahangirpuri, Delhi","11/8/2016 - 11/8/2016, Every day, AM Peak",1036,746,1437
"166","nullRBI Enclave Road, Ankur Enclave, Paschim Vihar, Delhi","222","Sector E, Mahipalpur Village, Vasant Kunj, New Delhi","11/8/2016 - 11/8/2016, Every day, AM Peak",3495,2943,4150
"166","nullRBI Enclave Road, Ankur Enclave, Paschim Vihar, Delhi","223","Urban Extension Road II, Indira Gandhi International Airport, New Delhi","11/8/2016 - 11/8/2016, Every day, AM Peak",3492,2807,4343
"166","nullRBI Enclave Road, Ankur Enclave, Paschim Vihar, Delhi","224","Main Road, Bharthal, Sector 27 Dwarka, Bharthal, New Delhi","11/8/2016 - 11/8/2016, Every day, AM Peak",2396,1822,3150
"166","nullRBI Enclave Road, Ankur Enclave, Paschim Vihar, Delhi","225","0 Netaji Road, A Block, Block C, Adarsh Nagar, Delhi","11/8/2016 - 11/8/2016, Every day, AM Peak",1716,1372,2144
"166","nullRBI Enclave Road, Ankur Enclave, Paschim Vihar, Delhi","226","Unnamed Road, Model Town, Delhi","11/8/2016 - 11/8/2016, Every day, AM Peak",1693,1269,2256
"166","nullRBI Enclave Road, Ankur Enclave, Paschim Vihar, Delhi","227","300 Lok Marg, Dhaka Colony, Mukherjee Nagar, Delhi","11/8/2016 - 11/8/2016, Every day, AM Peak",2164,1789,2616
"166","nullRBI Enclave Road, Ankur Enclave, Paschim Vihar, Delhi","228","0 Lucknow Road, Banarsi Das Estate, Timarpur, Delhi","11/8/2016 - 11/8/2016, Every day, AM Peak",1803,1325,2451
"166","nullRBI Enclave Road, Ankur Enclave, Paschim Vihar, Delhi","229","200 Road Number 28, Nehru Nagar, Shivaji Place, Basai Dara pur, Tagore Garden Extension, New Delhi","11/8/2016 - 11/8/2016, Every day, AM Peak",868,571,1318
"166","nullRBI Enclave Road, Ankur Enclave, Paschim Vihar, Delhi","230","N494, Block N, Raghubir Nagar, Tagore Garden Extension, Delhi","11/8/2016 - 11/8/2016, Every day, AM Peak",476,259,872
"166","nullRBI Enclave Road, Ankur Enclave, Paschim Vihar, Delhi","231","G-17/6, Block G, Rajouri Garden, New Delhi","11/8/2016 - 11/8/2016, Every day, AM Peak",805,489,1324
"166","nullRBI Enclave Road, Ankur Enclave, Paschim Vihar, Delhi","232","4-3, Mayapuri Industrial Area Phase II, Mayapuri, New Delhi","11/8/2016 - 11/8/2016, Every day, AM Peak",1163,827,1635
"166","nullRBI Enclave Road, Ankur Enclave, Paschim Vihar, Delhi","233","nullSatguru Ram Singh Marg, Block B, Mayapuri Industrial Area Phase I, Mayapuri, New Delhi","11/8/2016 - 11/8/2016, Every day, AM Peak",1332,939,1887
"166","nullRBI Enclave Road, Ankur Enclave, Paschim Vihar, Delhi","234","113, Press Colony, Press Colony, Mayapuri, New Delhi","11/8/2016 - 11/8/2016, Every day, AM Peak",1157,815,1642
"166","nullRBI Enclave Road, Ankur Enclave, Paschim Vihar, Delhi","235","nullBharat Vihar Road, Block G, Raja Puri, Matiala, Delhi","11/8/2016 - 11/8/2016, Every day, AM Peak",1437,1129,1828
"166","nullRBI Enclave Road, Ankur Enclave, Paschim Vihar, Delhi","236","nullRithala Road, Pocket A, Budh Vihar Phase I, Budh Vihar, Delhi","11/8/2016 - 11/8/2016, Every day, AM Peak",872,667,1139
"166","nullRBI Enclave Road, Ankur Enclave, Paschim Vihar, Delhi","237","121, Assam Timber Market, Gulshan Park, Mundka, Delhi","11/8/2016 - 11/8/2016, Every day, AM Peak",778,466,1297
"166","nullRBI Enclave Road, Ankur Enclave, Paschim Vihar, Delhi","240","37, Sector 15, Pocket 6, Sector 15B, Rohini, Delhi","11/8/2016 - 11/8/2016, Every day, AM Peak",842,552,1283
"166","nullRBI Enclave Road, Ankur Enclave, Paschim Vihar, Delhi","244","Dhingra Park Trail, Punjabi Bagh Cooperative Housing Soceity, East Punjabi Bagh, Punjabi Bagh, Delhi","11/8/2016 - 11/8/2016, Every day, AM Peak",947,639,1402
"166","nullRBI Enclave Road, Ankur Enclave, Paschim Vihar, Delhi","245","N-1/17, Block M, Mangolpuri, Delhi","11/8/2016 - 11/8/2016, Every day, AM Peak",467,333,654
"166","nullRBI Enclave Road, Ankur Enclave, Paschim Vihar, Delhi","246","nullShiv Mandir Marg, Block G, Lajpat Nagar I, Lajpat Nagar, New Delhi","11/8/2016 - 11/8/2016, Every day, AM Peak",3313,2747,3994
"166","nullRBI Enclave Road, Ankur Enclave, Paschim Vihar, Delhi","247","9/2082, Pocket 2, Block RZ, Palam Colony, New Delhi","11/8/2016 - 11/8/2016, Every day, AM Peak",1664,1309,2114
"166","nullRBI Enclave Road, Ankur Enclave, Paschim Vihar, Delhi","248","Unnamed Road, Harijan Basti, Rajokri, New Delhi","11/8/2016 - 11/8/2016, Every day, AM Peak",3843,3226,4577
"166","nullRBI Enclave Road, Ankur Enclave, Paschim Vihar, Delhi","250","719B, Madipur JJ Colony, Block B, Janta Colony, Paschim Vihar, Delhi","11/8/2016 - 11/8/2016, Every day, AM Peak",394,186,832
"166","nullRBI Enclave Road, Ankur Enclave, Paschim Vihar, Delhi","251","A25, Block R, Pocket A, Rajender Nagar Part 1, New Rajinder Nagar, New Delhi","11/8/2016 - 11/8/2016, Every day, AM Peak",2011,1457,2774
"166","nullRBI Enclave Road, Ankur Enclave, Paschim Vihar, Delhi","252","813, Sector 1, RK Puram, New Delhi","11/8/2016 - 11/8/2016, Every day, AM Peak",2499,1970,3168
"166","nullRBI Enclave Road, Ankur Enclave, Paschim Vihar, Delhi","253","0 Chaudhary Harsukh Marg, B6, Block B6, Humayunpur, Safdarjung Enclave, New Delhi","11/8/2016 - 11/8/2016, Every day, AM Peak",2958,2236,3912
"166","nullRBI Enclave Road, Ankur Enclave, Paschim Vihar, Delhi","254","Squadron Leader Mohinder Kumar Jain Marg, Block B, New Delhi","11/8/2016 - 11/8/2016, Every day, AM Peak",3430,2567,4581
"166","nullRBI Enclave Road, Ankur Enclave, Paschim Vihar, Delhi","255","1700 Uday Chand Marg, Arya Basti, Zafar Nagar, Kotla Mubarakpur, South Extension I, New Delhi","11/8/2016 - 11/8/2016, Every day, AM Peak",3027,2362,3877
"166","nullRBI Enclave Road, Ankur Enclave, Paschim Vihar, Delhi","256","D-70, Mahavir Enclave I, Mahavir Enclave Part 2, Mahavir Enclave, New Delhi","11/8/2016 - 11/8/2016, Every day, AM Peak",1157,851,1572
"166","nullRBI Enclave Road, Ankur Enclave, Paschim Vihar, Delhi","257","y 788, Block W, Mangolpur Khurd, Mangolpuri, नई दिल्ली","11/8/2016 - 11/8/2016, Every day, AM Peak",520,372,725
"166","nullRBI Enclave Road, Ankur Enclave, Paschim Vihar, Delhi","258","Sant Sujan Singh Marg, JJ Colony, Block N, Tagore Garden, Tagore Garden Extension, New Delhi","11/8/2016 - 11/8/2016, Every day, AM Peak",682,358,1297
"166","nullRBI Enclave Road, Ankur Enclave, Paschim Vihar, Delhi","261","Nangli Ibrahimpur Road, Kadipur, Kushak Colony, Kadipur Village, Delhi","11/8/2016 - 11/8/2016, Every day, AM Peak",1171,810,1692
"166","nullRBI Enclave Road, Ankur Enclave, Paschim Vihar, Delhi","263","200 Pirwali Gali, Block P, Block P, Patparganj, New Delhi","11/8/2016 - 11/8/2016, Every day, AM Peak",3050,2623,3545
"166","nullRBI Enclave Road, Ankur Enclave, Paschim Vihar, Delhi","264","Noida Link Road, Nehru Enclave, Shakarpur Khas, New Delhi","11/8/2016 - 11/8/2016, Every day, AM Peak",3019,2494,3653
"166","nullRBI Enclave Road, Ankur Enclave, Paschim Vihar, Delhi","265","0 Lane Number 8, Krishan Kunj Extension Part 2, Block G, Vishwakarma Park, Laxmi Nagar, Delhi","11/8/2016 - 11/8/2016, Every day, AM Peak",2875,2343,3526
"166","nullRBI Enclave Road, Ankur Enclave, Paschim Vihar, Delhi","267","nullPanduk Shila Marg, Kaithwara Jagjivan Nagar, New Usmanpur, Shahdara, Delhi","11/8/2016 - 11/8/2016, Every day, AM Peak",2273,1985,2602
"166","nullRBI Enclave Road, Ankur Enclave, Paschim Vihar, Delhi","277","700 Outer Ring Road, Bhalswa Jahangir Village, Jahangirpuri, नई दिल्ली","11/8/2016 - 11/8/2016, Every day, AM Peak",1027,741,1423
"166","nullRBI Enclave Road, Ankur Enclave, Paschim Vihar, Delhi","279","Nightingale Road, Budella, Vikaspuri, Delhi","11/8/2016 - 11/8/2016, Every day, AM Peak",311,187,516
"166","nullRBI Enclave Road, Ankur Enclave, Paschim Vihar, Delhi","280","nullHastsal Road, Block A2, JJ Colony, Uttam Nagar, Delhi","11/8/2016 - 11/8/2016, Every day, AM Peak",922,599,1417
"166","nullRBI Enclave Road, Ankur Enclave, Paschim Vihar, Delhi","281","D915, New Mahavir Nagar, Tilak Nagar, Delhi","11/8/2016 - 11/8/2016, Every day, AM Peak",354,229,545
"166","nullRBI Enclave Road, Ankur Enclave, Paschim Vihar, Delhi","282","Velodrome Road, Gandhi Smriti, Raj Ghat, New Delhi","11/8/2016 - 11/8/2016, Every day, AM Peak",2995,2440,3674
"166","nullRBI Enclave Road, Ankur Enclave, Paschim Vihar, Delhi","283","nullVijay Marg, Block B, Baljit Nagar, Patel Nagar, New Delhi","11/8/2016 - 11/8/2016, Every day, AM Peak",1311,924,1858
"166","nullRBI Enclave Road, Ankur Enclave, Paschim Vihar, Delhi","284","8/2, Rajendra Park, Nangloi Extension, Kamruddin Nagar, Delhi","11/8/2016 - 11/8/2016, Every day, AM Peak",622,434,891
"166","nullRBI Enclave Road, Ankur Enclave, Paschim Vihar, Delhi","287","L47, Block L, Shastri Nagar, Delhi","11/8/2016 - 11/8/2016, Every day, AM Peak",1414,1039,1923
"166","nullRBI Enclave Road, Ankur Enclave, Paschim Vihar, Delhi","288","WZ287, DDA Colony, Chand Nagar, Vishnu Garden, Delhi","11/8/2016 - 11/8/2016, Every day, AM Peak",446,365,544