"Origin Movement ID","Origin Display Name","Destination Movement ID","Destination Display Name","Date Range","Mean Travel Time (Seconds)","Range - Lower Bound Travel Time (Seconds)","Range - Upper Bound Travel Time (Seconds)"
"8","Mall Road, Khyber Lines, Delhi Cantonment, New Delhi","1","300 Ring Road, Block CB, Naraina Village, Naraina, New Delhi","11/8/2016 - 11/8/2016, Every day, AM Peak",367,250,537
"8","Mall Road, Khyber Lines, Delhi Cantonment, New Delhi","2","Unnamed Road, Delhi Cantonment, New Delhi","11/8/2016 - 11/8/2016, Every day, AM Peak",224,120,417
"8","Mall Road, Khyber Lines, Delhi Cantonment, New Delhi","3","Unnamed Road, Mahipalpur, New Delhi","11/8/2016 - 11/8/2016, Every day, AM Peak",725,322,1631
"8","Mall Road, Khyber Lines, Delhi Cantonment, New Delhi","4","P-268/3, Rock View, Delhi Cantonment, Delhi","11/8/2016 - 11/8/2016, Every day, AM Peak",743,412,1337
"8","Mall Road, Khyber Lines, Delhi Cantonment, New Delhi","5","Old Palam Road, Delhi Cantonment, New Delhi","11/8/2016 - 11/8/2016, Every day, AM Peak",960,542,1699
"8","Mall Road, Khyber Lines, Delhi Cantonment, New Delhi","6","Unnamed Road, CVD Line, Delhi Cantonment, New Delhi","11/8/2016 - 11/8/2016, Every day, AM Peak",653,388,1098
"8","Mall Road, Khyber Lines, Delhi Cantonment, New Delhi","7","P 13, Baird Place, Delhi Cantonment, New Delhi","11/8/2016 - 11/8/2016, Every day, AM Peak",328,148,723
"8","Mall Road, Khyber Lines, Delhi Cantonment, New Delhi","9","Mahatma Jyothi Rao Phule Marg, Mahatma Jyoti Rao Phule Marg Area, New Delhi","11/8/2016 - 11/8/2016, Every day, AM Peak",1385,1006,1905
"8","Mall Road, Khyber Lines, Delhi Cantonment, New Delhi","10","0 Shaheed Bhagat Singh Marg, DIZ Staff Quarters, Connaught Place, New Delhi","11/8/2016 - 11/8/2016, Every day, AM Peak",1111,795,1552
"8","Mall Road, Khyber Lines, Delhi Cantonment, New Delhi","11","Mother Teresa Crescent, Talkatora Garden, Central Ridge Reserve Forest, New Delhi","11/8/2016 - 11/8/2016, Every day, AM Peak",286,78,1042
"8","Mall Road, Khyber Lines, Delhi Cantonment, New Delhi","12","Jantar Mantar Road, Janpath, Connaught Place, New Delhi","11/8/2016 - 11/8/2016, Every day, AM Peak",1214,868,1697
"8","Mall Road, Khyber Lines, Delhi Cantonment, New Delhi","13","10, Aurangzeb Road, New Delhi","11/8/2016 - 11/8/2016, Every day, AM Peak",1228,892,1690
"8","Mall Road, Khyber Lines, Delhi Cantonment, New Delhi","14","Mahatma Gandhi Road, Kidwai Nagar West, Kidwai Nagar, New Delhi","11/8/2016 - 11/8/2016, Every day, AM Peak",753,529,1071
"8","Mall Road, Khyber Lines, Delhi Cantonment, New Delhi","15","H205, Block H, Sarojini Nagar, New Delhi","11/8/2016 - 11/8/2016, Every day, AM Peak",937,719,1219
"8","Mall Road, Khyber Lines, Delhi Cantonment, New Delhi","16","Andre Malraux Marg, Ramnagar, Chanakyapuri, New Delhi","11/8/2016 - 11/8/2016, Every day, AM Peak",353,133,933
"8","Mall Road, Khyber Lines, Delhi Cantonment, New Delhi","17","0 Khanna Market Road, Aliganj, Lodi Colony, New Delhi","11/8/2016 - 11/8/2016, Every day, AM Peak",1409,1088,1823
"8","Mall Road, Khyber Lines, Delhi Cantonment, New Delhi","18","Unnamed Road, Lal Qila, Chandni Chowk, New Delhi","11/8/2016 - 11/8/2016, Every day, AM Peak",1882,1530,2313
"8","Mall Road, Khyber Lines, Delhi Cantonment, New Delhi","19","Mirdard Road, 64 Khamba, Maulana Azad Medical College Campus, New Delhi","11/8/2016 - 11/8/2016, Every day, AM Peak",1570,1172,2102
"8","Mall Road, Khyber Lines, Delhi Cantonment, New Delhi","23","nullStreet Number 5 NA Block, NA Block, Khayala, Vishnu Garden, नई दिल्ली","11/8/2016 - 11/8/2016, Every day, AM Peak",970,817,1150
"8","Mall Road, Khyber Lines, Delhi Cantonment, New Delhi","24","268, Block B2, Shiv Nagar, Janakpuri, New Delhi","11/8/2016 - 11/8/2016, Every day, AM Peak",1059,652,1718
"8","Mall Road, Khyber Lines, Delhi Cantonment, New Delhi","26","A3-214, Asalatpur Village, Janakpuri, Delhi","11/8/2016 - 11/8/2016, Every day, AM Peak",1303,883,1921
"8","Mall Road, Khyber Lines, Delhi Cantonment, New Delhi","27","0 Ram Mandir Marg, C5B Block, Janakpuri, New Delhi","11/8/2016 - 11/8/2016, Every day, AM Peak",922,565,1503
"8","Mall Road, Khyber Lines, Delhi Cantonment, New Delhi","28","nullSchool Road, Block M, Uttam Nagar, Delhi","11/8/2016 - 11/8/2016, Every day, AM Peak",1270,978,1648
"8","Mall Road, Khyber Lines, Delhi Cantonment, New Delhi","29","Street Number 14, Block C, Sitapuri Part 1, Janakpuri, New Delhi","11/8/2016 - 11/8/2016, Every day, AM Peak",1343,825,2183
"8","Mall Road, Khyber Lines, Delhi Cantonment, New Delhi","31","Main Jhatikra Road, Paprawat, Delhi","11/8/2016 - 11/8/2016, Every day, AM Peak",1624,1403,1879
"8","Mall Road, Khyber Lines, Delhi Cantonment, New Delhi","32","METRO MALL, Pocket 1, Sector 14 Dwarka, Dwarka, New Delhi","11/8/2016 - 11/8/2016, Every day, AM Peak",1913,1549,2362
"8","Mall Road, Khyber Lines, Delhi Cantonment, New Delhi","61","Unnamed Road, National Zoological Park, Sundar Nagar, New Delhi","11/8/2016 - 11/8/2016, Every day, AM Peak",1873,1343,2611
"8","Mall Road, Khyber Lines, Delhi Cantonment, New Delhi","62","D/116, Jeewan Nagar, Sunlight Colony, New Delhi","11/8/2016 - 11/8/2016, Every day, AM Peak",1581,1119,2232
"8","Mall Road, Khyber Lines, Delhi Cantonment, New Delhi","63","Jawaharlal Nehru Stadium Marg, CGO Complex, Pragati Vihar, New Delhi","11/8/2016 - 11/8/2016, Every day, AM Peak",1746,1392,2188
"8","Mall Road, Khyber Lines, Delhi Cantonment, New Delhi","64","6/37, Vikram Vihar, Lajpat Nagar IV, Lajpat Nagar, New Delhi","11/8/2016 - 11/8/2016, Every day, AM Peak",1283,952,1728
"8","Mall Road, Khyber Lines, Delhi Cantonment, New Delhi","65","Shaheed Jeet Singh Marg, NCERT Campus, Qutab Institutional Area, New Delhi","11/8/2016 - 11/8/2016, Every day, AM Peak",1413,1019,1957
"8","Mall Road, Khyber Lines, Delhi Cantonment, New Delhi","66","nullBhagat Singh Market Marg, Block K, Malviya Nagar, New Delhi","11/8/2016 - 11/8/2016, Every day, AM Peak",1730,1321,2265
"8","Mall Road, Khyber Lines, Delhi Cantonment, New Delhi","67","63/33, Hudco Place, Andrews Ganj Extension, Andrews Ganj, New Delhi","11/8/2016 - 11/8/2016, Every day, AM Peak",1170,841,1626
"8","Mall Road, Khyber Lines, Delhi Cantonment, New Delhi","68","0 Paschimi Marg, Block E, Vasant Vihar, New Delhi","11/8/2016 - 11/8/2016, Every day, AM Peak",1091,804,1479
"8","Mall Road, Khyber Lines, Delhi Cantonment, New Delhi","69","1129, Sector 2 R K Puram, Sector 2, RK Puram, New Delhi","11/8/2016 - 11/8/2016, Every day, AM Peak",1006,720,1404
"8","Mall Road, Khyber Lines, Delhi Cantonment, New Delhi","70","G288, Sector 3, Block G, Nanak Pura, South Moti Bagh, New Delhi","11/8/2016 - 11/8/2016, Every day, AM Peak",276,90,839
"8","Mall Road, Khyber Lines, Delhi Cantonment, New Delhi","71","JNU Ring Road, Jawaharlal Nehru University, New Delhi","11/8/2016 - 11/8/2016, Every day, AM Peak",1232,959,1581
"8","Mall Road, Khyber Lines, Delhi Cantonment, New Delhi","72","7/254, Dakshinpuri Extension, Block 7, Sector 6, Dakshinpuri, New Delhi","11/8/2016 - 11/8/2016, Every day, AM Peak",2077,1536,2807
"8","Mall Road, Khyber Lines, Delhi Cantonment, New Delhi","76","124, SPG Quarters, Sector 4, Pushp Vihar, New Delhi","11/8/2016 - 11/8/2016, Every day, AM Peak",2155,1431,3244
"8","Mall Road, Khyber Lines, Delhi Cantonment, New Delhi","77","0 Mehrauli - Badarpur Road, Tughlakabad Institutional Area, Vayusenabad, New Delhi","11/8/2016 - 11/8/2016, Every day, AM Peak",3233,1945,5372
"8","Mall Road, Khyber Lines, Delhi Cantonment, New Delhi","80","E-492, Block E, Greater Kailash II, Greater Kailash, New Delhi","11/8/2016 - 11/8/2016, Every day, AM Peak",1928,1394,2666
"8","Mall Road, Khyber Lines, Delhi Cantonment, New Delhi","81","126, Block L 1, Alaknanda, New Delhi","11/8/2016 - 11/8/2016, Every day, AM Peak",2129,1547,2928
"8","Mall Road, Khyber Lines, Delhi Cantonment, New Delhi","82","286, Asian Games Village Complex, Siri Fort, New Delhi","11/8/2016 - 11/8/2016, Every day, AM Peak",1644,1260,2143
"8","Mall Road, Khyber Lines, Delhi Cantonment, New Delhi","83","C2, Block C, Kailash Colony, Greater Kailash, New Delhi","11/8/2016 - 11/8/2016, Every day, AM Peak",1690,1271,2247
"8","Mall Road, Khyber Lines, Delhi Cantonment, New Delhi","84","nullMathura Road, Friends Colony West, Block A, New Friends Colony, New Delhi","11/8/2016 - 11/8/2016, Every day, AM Peak",1719,1195,2470
"8","Mall Road, Khyber Lines, Delhi Cantonment, New Delhi","85","Outer Ring Road, Block 13, Nehru Enclave East, Okhla Industrial Area, New Delhi","11/8/2016 - 11/8/2016, Every day, AM Peak",1871,1419,2465
"8","Mall Road, Khyber Lines, Delhi Cantonment, New Delhi","87","0 Maharaja Agarsen Marg, Subash Khand, Giri Nagar, Kalkaji, New Delhi","11/8/2016 - 11/8/2016, Every day, AM Peak",2248,1698,2974
"8","Mall Road, Khyber Lines, Delhi Cantonment, New Delhi","88","Krishan Marg, Tughlaqabad Village, Tughlakabad, New Delhi","11/8/2016 - 11/8/2016, Every day, AM Peak",3544,2141,5866
"8","Mall Road, Khyber Lines, Delhi Cantonment, New Delhi","90","C-86, Pocket C, Okhla Phase I, Okhla Industrial Area, New Delhi","11/8/2016 - 11/8/2016, Every day, AM Peak",2922,2134,3999
"8","Mall Road, Khyber Lines, Delhi Cantonment, New Delhi","91","nullTum Road, Sanjay Colony II, Sanjay Colony, Okhla Phase II, Okhla Industrial Area, New Delhi","11/8/2016 - 11/8/2016, Every day, AM Peak",2211,1709,2859
"8","Mall Road, Khyber Lines, Delhi Cantonment, New Delhi","94","2212, Gautampuri Awas, Badarpur, New Delhi","11/8/2016 - 11/8/2016, Every day, AM Peak",3246,2169,4855
"8","Mall Road, Khyber Lines, Delhi Cantonment, New Delhi","99","100 Street Number 1, Amar Puri, Ram Nagar, Paharganj, New Delhi","11/8/2016 - 11/8/2016, Every day, AM Peak",1361,1067,1735
"8","Mall Road, Khyber Lines, Delhi Cantonment, New Delhi","100","Maharishi Balmiki Marg, Police Colony, Sarai Khalil, Sadar Bazaar, New Delhi","11/8/2016 - 11/8/2016, Every day, AM Peak",1202,875,1649
"8","Mall Road, Khyber Lines, Delhi Cantonment, New Delhi","101","4900 Ramdwara Road, Chuna Mandi, Aram Bagh, Paharganj, New Delhi","11/8/2016 - 11/8/2016, Every day, AM Peak",1464,939,2281
"8","Mall Road, Khyber Lines, Delhi Cantonment, New Delhi","103","nullDasghara Road, Dasghara, New Delhi","11/8/2016 - 11/8/2016, Every day, AM Peak",429,224,819
"8","Mall Road, Khyber Lines, Delhi Cantonment, New Delhi","104","nullArya Samaj Marg, Block A1, Block EA, Inder Puri, New Delhi","11/8/2016 - 11/8/2016, Every day, AM Peak",774,585,1023
"8","Mall Road, Khyber Lines, Delhi Cantonment, New Delhi","105","nullGoswami Girdhari Lal Marg, Industrial Area Phase I, Block C, Naraina Industrial Area Phase 1, Naraina, New Delhi","11/8/2016 - 11/8/2016, Every day, AM Peak",424,291,617
"8","Mall Road, Khyber Lines, Delhi Cantonment, New Delhi","107","1100 Zia UL Haq Road, Block A1, Chattarpur, Chhattarpur, New Delhi","11/8/2016 - 11/8/2016, Every day, AM Peak",2672,1879,3798
"8","Mall Road, Khyber Lines, Delhi Cantonment, New Delhi","108","Unnamed Road, Block G, Bhim Basti, Jaunapur, New Delhi","11/8/2016 - 11/8/2016, Every day, AM Peak",3193,2489,4095
"8","Mall Road, Khyber Lines, Delhi Cantonment, New Delhi","110","Pusta Road, Madanpur Khadar Phase 3, Madanpur Khadar, New Delhi","11/8/2016 - 11/8/2016, Every day, AM Peak",2604,2021,3354
"8","Mall Road, Khyber Lines, Delhi Cantonment, New Delhi","111","61 TO 80, Pocket J, Sarita Vihar, New Delhi","11/8/2016 - 11/8/2016, Every day, AM Peak",2367,1828,3064
"8","Mall Road, Khyber Lines, Delhi Cantonment, New Delhi","116","9/5284, Shanti Mohalla, Seelampur, Shahdara, Delhi","11/8/2016 - 11/8/2016, Every day, AM Peak",2554,2130,3060
"8","Mall Road, Khyber Lines, Delhi Cantonment, New Delhi","119","81, Zulfe Bengal, Dilshad Garden, Delhi","11/8/2016 - 11/8/2016, Every day, AM Peak",3192,2642,3855
"8","Mall Road, Khyber Lines, Delhi Cantonment, New Delhi","121","22/55, West Punjabi Bagh, Punjabi Bagh, Delhi","11/8/2016 - 11/8/2016, Every day, AM Peak",838,636,1102
"8","Mall Road, Khyber Lines, Delhi Cantonment, New Delhi","122","2600 Mandir Wali Gali, Ranjeet Nagar, Shadipur, Delhi","11/8/2016 - 11/8/2016, Every day, AM Peak",1026,701,1501
"8","Mall Road, Khyber Lines, Delhi Cantonment, New Delhi","123","Loknath Marg, Block M, Kirti Nagar, New Delhi","11/8/2016 - 11/8/2016, Every day, AM Peak",958,751,1221
"8","Mall Road, Khyber Lines, Delhi Cantonment, New Delhi","124","30, 31, Block B, Mansarover Garden, New Delhi","11/8/2016 - 11/8/2016, Every day, AM Peak",558,415,749
"8","Mall Road, Khyber Lines, Delhi Cantonment, New Delhi","127","NDPL House, Lala Achintaram Marg, Block B, Gujranwala Town, Delhi","11/8/2016 - 11/8/2016, Every day, AM Peak",1603,1368,1877
"8","Mall Road, Khyber Lines, Delhi Cantonment, New Delhi","128","0 Shakti Mandir Marg, Block 10, Shakti Nagar, Delhi","11/8/2016 - 11/8/2016, Every day, AM Peak",2032,1562,2642
"8","Mall Road, Khyber Lines, Delhi Cantonment, New Delhi","129","Gali Number 8, Anand Parbat, New Delhi","11/8/2016 - 11/8/2016, Every day, AM Peak",1560,1210,2011
"8","Mall Road, Khyber Lines, Delhi Cantonment, New Delhi","131","4400 Gali Bahuji, Pahari Dhiraj, Sadar Bazaar, Delhi","11/8/2016 - 11/8/2016, Every day, AM Peak",1422,1117,1809
"8","Mall Road, Khyber Lines, Delhi Cantonment, New Delhi","132","1600 Lothian Road, Chabi Ganj, Kashmere Gate, New Delhi","11/8/2016 - 11/8/2016, Every day, AM Peak",2130,1631,2780
"8","Mall Road, Khyber Lines, Delhi Cantonment, New Delhi","133","0 Raj Niwas Marg, Ludlow Castle, Civil Lines, Delhi","11/8/2016 - 11/8/2016, Every day, AM Peak",1790,1345,2381
"8","Mall Road, Khyber Lines, Delhi Cantonment, New Delhi","135","0 Uggarsen Market Road, Meenakshi Garden, Ashok Nagar, Delhi","11/8/2016 - 11/8/2016, Every day, AM Peak",1022,746,1398
"8","Mall Road, Khyber Lines, Delhi Cantonment, New Delhi","136","nullKeshopur Road, New Chaukhandi, Paschim Vihar, Delhi","11/8/2016 - 11/8/2016, Every day, AM Peak",1496,1147,1950
"8","Mall Road, Khyber Lines, Delhi Cantonment, New Delhi","137","nullRoad Number 235, Block H, Vikaspuri, Delhi","11/8/2016 - 11/8/2016, Every day, AM Peak",1372,1004,1874
"8","Mall Road, Khyber Lines, Delhi Cantonment, New Delhi","139","nullBudh Bazar Road, Nawada, Nawada Majra Village, Nawada, Delhi","11/8/2016 - 11/8/2016, Every day, AM Peak",1459,1064,2000
"8","Mall Road, Khyber Lines, Delhi Cantonment, New Delhi","142","Gali Number 1, Dabri Village, Dabri, New Delhi","11/8/2016 - 11/8/2016, Every day, AM Peak",998,626,1590
"8","Mall Road, Khyber Lines, Delhi Cantonment, New Delhi","143","nullRoad Number 221, Pocket 1, Sector 10 Dwarka, Dwarka, Delhi","11/8/2016 - 11/8/2016, Every day, AM Peak",1614,1182,2202
"8","Mall Road, Khyber Lines, Delhi Cantonment, New Delhi","146","nullKotla Road, Pocket F2, Pocket 1, Sector 11F, Rohini, Delhi","11/8/2016 - 11/8/2016, Every day, AM Peak",2065,1696,2513
"8","Mall Road, Khyber Lines, Delhi Cantonment, New Delhi","148","Unnamed Road, Patparganj, New Delhi","11/8/2016 - 11/8/2016, Every day, AM Peak",2008,1547,2605
"8","Mall Road, Khyber Lines, Delhi Cantonment, New Delhi","151","Shaheed Budh Ram Singh Marg, Dallupura, New Delhi","11/8/2016 - 11/8/2016, Every day, AM Peak",2386,1904,2989
"8","Mall Road, Khyber Lines, Delhi Cantonment, New Delhi","154","nullGali Number 6, Block B, Block D, Vinod Nagar North, Delhi","11/8/2016 - 11/8/2016, Every day, AM Peak",2277,1785,2903
"8","Mall Road, Khyber Lines, Delhi Cantonment, New Delhi","155","Maharaja Agaersen Road, Block D, Pocket D, Phase 1, Ashok Vihar, Delhi","11/8/2016 - 11/8/2016, Every day, AM Peak",1522,1117,2072
"8","Mall Road, Khyber Lines, Delhi Cantonment, New Delhi","156","Doctor Satpal Sachdeva Marg, Keshav Puram, Tri Nagar, Delhi","11/8/2016 - 11/8/2016, Every day, AM Peak",1218,946,1567
"8","Mall Road, Khyber Lines, Delhi Cantonment, New Delhi","157","CH Devender Singh Tewatia Marg, Ashok Vihar II, Pocket B 1, Phase 3, Ashok Vihar, Delhi","11/8/2016 - 11/8/2016, Every day, AM Peak",1763,1449,2144
"8","Mall Road, Khyber Lines, Delhi Cantonment, New Delhi","158","484, Block E, Nimri Colony, Ashok Vihar, Delhi","11/8/2016 - 11/8/2016, Every day, AM Peak",1618,1341,1951
"8","Mall Road, Khyber Lines, Delhi Cantonment, New Delhi","159","300 Maharishi Balmiki Mandir Marg, Block H, Shakurpur Colony, Pitampura, Delhi","11/8/2016 - 11/8/2016, Every day, AM Peak",1130,907,1406
"8","Mall Road, Khyber Lines, Delhi Cantonment, New Delhi","160","23, Shiva Enclave, Pitampura, Delhi","11/8/2016 - 11/8/2016, Every day, AM Peak",1258,1040,1520
"8","Mall Road, Khyber Lines, Delhi Cantonment, New Delhi","161","nullLawrence Road, Rampura Industrial Area, Tri Nagar, Delhi","11/8/2016 - 11/8/2016, Every day, AM Peak",1027,822,1283
"8","Mall Road, Khyber Lines, Delhi Cantonment, New Delhi","163","0 Guru Harkishan Marg, Maulana Azad Society, Bhagwan Buddha Housing Corporation Society, Pitampura, Delhi","11/8/2016 - 11/8/2016, Every day, AM Peak",1524,1286,1805
"8","Mall Road, Khyber Lines, Delhi Cantonment, New Delhi","164","Shakurbasti Pedestrian Foot Over Bridge, Shakur Basti Railway Colony, Railway Colony South, Pitampura, Delhi","11/8/2016 - 11/8/2016, Every day, AM Peak",1012,781,1311
"8","Mall Road, Khyber Lines, Delhi Cantonment, New Delhi","165","31, Cottage Enclave, Paschim Vihar, Delhi","11/8/2016 - 11/8/2016, Every day, AM Peak",1332,1006,1762
"8","Mall Road, Khyber Lines, Delhi Cantonment, New Delhi","166","nullRBI Enclave Road, Ankur Enclave, Paschim Vihar, Delhi","11/8/2016 - 11/8/2016, Every day, AM Peak",1271,1017,1588
"8","Mall Road, Khyber Lines, Delhi Cantonment, New Delhi","167","nullShaheed Udham Singh Marg, AE Block, Poorbi Shalimar Bag, Shalimar Bagh, Delhi","11/8/2016 - 11/8/2016, Every day, AM Peak",1424,1068,1898
"8","Mall Road, Khyber Lines, Delhi Cantonment, New Delhi","169","G-9, Block F 1U, Ranikhet, Pitampura, Delhi","11/8/2016 - 11/8/2016, Every day, AM Peak",1844,1489,2283
"8","Mall Road, Khyber Lines, Delhi Cantonment, New Delhi","170","nullColony Road, Block QP, Poorvi Pitampura, Pitampura, Delhi","11/8/2016 - 11/8/2016, Every day, AM Peak",1296,1037,1618
"8","Mall Road, Khyber Lines, Delhi Cantonment, New Delhi","171","nullG Block Road, Pocket 21, Sector 7G, Rohini, Delhi","11/8/2016 - 11/8/2016, Every day, AM Peak",1735,1495,2012
"8","Mall Road, Khyber Lines, Delhi Cantonment, New Delhi","172","nullShiva Road, Pocket 14, Sector 8D, Rohini, Delhi","11/8/2016 - 11/8/2016, Every day, AM Peak",1569,1377,1787
"8","Mall Road, Khyber Lines, Delhi Cantonment, New Delhi","173","Unnamed Road, Swarn Jayanti Park, Sector 10, Rohini, Delhi","11/8/2016 - 11/8/2016, Every day, AM Peak",1737,1480,2038
"8","Mall Road, Khyber Lines, Delhi Cantonment, New Delhi","175","235, Block E, Block E, Mangolpuri, Delhi","11/8/2016 - 11/8/2016, Every day, AM Peak",1588,1293,1948
"8","Mall Road, Khyber Lines, Delhi Cantonment, New Delhi","176","B7-187, Pocket 7, Sector 3B, Rohini, Delhi","11/8/2016 - 11/8/2016, Every day, AM Peak",1849,1454,2350
"8","Mall Road, Khyber Lines, Delhi Cantonment, New Delhi","179","0 AB Road, Block RR, Mianwali Nagar, Paschim Vihar, Delhi","11/8/2016 - 11/8/2016, Every day, AM Peak",1538,1216,1945
"8","Mall Road, Khyber Lines, Delhi Cantonment, New Delhi","180","GH-14/234, GH 14, Block GH 14, Paschim Vihar, Delhi","11/8/2016 - 11/8/2016, Every day, AM Peak",1604,1212,2121
"8","Mall Road, Khyber Lines, Delhi Cantonment, New Delhi","190","F-33, Block F, Preet Vihar, Delhi","11/8/2016 - 11/8/2016, Every day, AM Peak",2171,1795,2624
"8","Mall Road, Khyber Lines, Delhi Cantonment, New Delhi","191","0 Hasanpur, I.P.Extension, Patparganj, Delhi","11/8/2016 - 11/8/2016, Every day, AM Peak",2432,1939,3049
"8","Mall Road, Khyber Lines, Delhi Cantonment, New Delhi","192","0 Bhartendu Harish Chandra Marg, Ram Vihar, Anand Vihar, Delhi","11/8/2016 - 11/8/2016, Every day, AM Peak",2879,2312,3584
"8","Mall Road, Khyber Lines, Delhi Cantonment, New Delhi","193","Unnamed Road, Usmanpur, Shahdara, Delhi","11/8/2016 - 11/8/2016, Every day, AM Peak",1957,1472,2601
"8","Mall Road, Khyber Lines, Delhi Cantonment, New Delhi","194","nullGali Number 1, Block G, Block A, Shakarpur, Delhi","11/8/2016 - 11/8/2016, Every day, AM Peak",2007,1571,2562
"8","Mall Road, Khyber Lines, Delhi Cantonment, New Delhi","195","F-208/C, Block F, Laxmi Nagar, New Delhi","11/8/2016 - 11/8/2016, Every day, AM Peak",2009,1543,2614
"8","Mall Road, Khyber Lines, Delhi Cantonment, New Delhi","196","nullSir Chotu Ram Marg, Pocket 4, Sector 6C, Rohini, Delhi","11/8/2016 - 11/8/2016, Every day, AM Peak",2038,1661,2499
"8","Mall Road, Khyber Lines, Delhi Cantonment, New Delhi","197","177-B, Mayur Vihar Phase 2, Pocket B, Mayur Vihar, New Delhi","11/8/2016 - 11/8/2016, Every day, AM Peak",2459,2137,2828
"8","Mall Road, Khyber Lines, Delhi Cantonment, New Delhi","199","0 Shivaji Marg, New Moti Nagar, Najafgarh Road Industrial Area, Delhi","11/8/2016 - 11/8/2016, Every day, AM Peak",1207,912,1596
"8","Mall Road, Khyber Lines, Delhi Cantonment, New Delhi","200","Dabri - Gurgaon Road, Pocket 2, Sector 1 Dwarka, Dwarka, New Delhi","11/8/2016 - 11/8/2016, Every day, AM Peak",1289,914,1816
"8","Mall Road, Khyber Lines, Delhi Cantonment, New Delhi","204","0 East Patel Nagar Road, Block 10A, East Patel Nagar, Patel Nagar, New Delhi","11/8/2016 - 11/8/2016, Every day, AM Peak",894,610,1308
"8","Mall Road, Khyber Lines, Delhi Cantonment, New Delhi","207","0 Maharana Pratap Road, Block 53, Karol Bagh, New Delhi","11/8/2016 - 11/8/2016, Every day, AM Peak",973,674,1403
"8","Mall Road, Khyber Lines, Delhi Cantonment, New Delhi","208","Desh Bandhu Gupta Road, Block E, Jhandewalan Extension, Jhandewalan, New Delhi","11/8/2016 - 11/8/2016, Every day, AM Peak",1014,722,1422
"8","Mall Road, Khyber Lines, Delhi Cantonment, New Delhi","214","Doctor Bhim Rao Ambedkar Marg, Block H, Malka Ganj, Delhi","11/8/2016 - 11/8/2016, Every day, AM Peak",1543,1272,1870
"8","Mall Road, Khyber Lines, Delhi Cantonment, New Delhi","222","Sector E, Mahipalpur Village, Vasant Kunj, New Delhi","11/8/2016 - 11/8/2016, Every day, AM Peak",1633,1084,2457
"8","Mall Road, Khyber Lines, Delhi Cantonment, New Delhi","223","Urban Extension Road II, Indira Gandhi International Airport, New Delhi","11/8/2016 - 11/8/2016, Every day, AM Peak",1791,1202,2667
"8","Mall Road, Khyber Lines, Delhi Cantonment, New Delhi","224","Main Road, Bharthal, Sector 27 Dwarka, Bharthal, New Delhi","11/8/2016 - 11/8/2016, Every day, AM Peak",1961,1417,2713
"8","Mall Road, Khyber Lines, Delhi Cantonment, New Delhi","225","0 Netaji Road, A Block, Block C, Adarsh Nagar, Delhi","11/8/2016 - 11/8/2016, Every day, AM Peak",1571,1184,2084
"8","Mall Road, Khyber Lines, Delhi Cantonment, New Delhi","226","Unnamed Road, Model Town, Delhi","11/8/2016 - 11/8/2016, Every day, AM Peak",1413,1202,1660
"8","Mall Road, Khyber Lines, Delhi Cantonment, New Delhi","227","300 Lok Marg, Dhaka Colony, Mukherjee Nagar, Delhi","11/8/2016 - 11/8/2016, Every day, AM Peak",2175,1696,2788
"8","Mall Road, Khyber Lines, Delhi Cantonment, New Delhi","228","0 Lucknow Road, Banarsi Das Estate, Timarpur, Delhi","11/8/2016 - 11/8/2016, Every day, AM Peak",2078,1618,2668
"8","Mall Road, Khyber Lines, Delhi Cantonment, New Delhi","229","200 Road Number 28, Nehru Nagar, Shivaji Place, Basai Dara pur, Tagore Garden Extension, New Delhi","11/8/2016 - 11/8/2016, Every day, AM Peak",699,521,937
"8","Mall Road, Khyber Lines, Delhi Cantonment, New Delhi","231","G-17/6, Block G, Rajouri Garden, New Delhi","11/8/2016 - 11/8/2016, Every day, AM Peak",617,443,858
"8","Mall Road, Khyber Lines, Delhi Cantonment, New Delhi","232","4-3, Mayapuri Industrial Area Phase II, Mayapuri, New Delhi","11/8/2016 - 11/8/2016, Every day, AM Peak",641,434,946
"8","Mall Road, Khyber Lines, Delhi Cantonment, New Delhi","233","nullSatguru Ram Singh Marg, Block B, Mayapuri Industrial Area Phase I, Mayapuri, New Delhi","11/8/2016 - 11/8/2016, Every day, AM Peak",497,351,702
"8","Mall Road, Khyber Lines, Delhi Cantonment, New Delhi","234","113, Press Colony, Press Colony, Mayapuri, New Delhi","11/8/2016 - 11/8/2016, Every day, AM Peak",536,338,849
"8","Mall Road, Khyber Lines, Delhi Cantonment, New Delhi","235","nullBharat Vihar Road, Block G, Raja Puri, Matiala, Delhi","11/8/2016 - 11/8/2016, Every day, AM Peak",1567,1237,1983
"8","Mall Road, Khyber Lines, Delhi Cantonment, New Delhi","240","37, Sector 15, Pocket 6, Sector 15B, Rohini, Delhi","11/8/2016 - 11/8/2016, Every day, AM Peak",1850,1522,2247
"8","Mall Road, Khyber Lines, Delhi Cantonment, New Delhi","244","Dhingra Park Trail, Punjabi Bagh Cooperative Housing Soceity, East Punjabi Bagh, Punjabi Bagh, Delhi","11/8/2016 - 11/8/2016, Every day, AM Peak",907,697,1179
"8","Mall Road, Khyber Lines, Delhi Cantonment, New Delhi","245","N-1/17, Block M, Mangolpuri, Delhi","11/8/2016 - 11/8/2016, Every day, AM Peak",1793,1433,2242
"8","Mall Road, Khyber Lines, Delhi Cantonment, New Delhi","246","nullShiv Mandir Marg, Block G, Lajpat Nagar I, Lajpat Nagar, New Delhi","11/8/2016 - 11/8/2016, Every day, AM Peak",1365,1001,1860
"8","Mall Road, Khyber Lines, Delhi Cantonment, New Delhi","247","9/2082, Pocket 2, Block RZ, Palam Colony, New Delhi","11/8/2016 - 11/8/2016, Every day, AM Peak",1187,790,1782
"8","Mall Road, Khyber Lines, Delhi Cantonment, New Delhi","248","Unnamed Road, Harijan Basti, Rajokri, New Delhi","11/8/2016 - 11/8/2016, Every day, AM Peak",1976,1368,2852
"8","Mall Road, Khyber Lines, Delhi Cantonment, New Delhi","250","719B, Madipur JJ Colony, Block B, Janta Colony, Paschim Vihar, Delhi","11/8/2016 - 11/8/2016, Every day, AM Peak",1056,816,1366
"8","Mall Road, Khyber Lines, Delhi Cantonment, New Delhi","251","A25, Block R, Pocket A, Rajender Nagar Part 1, New Rajinder Nagar, New Delhi","11/8/2016 - 11/8/2016, Every day, AM Peak",621,438,878
"8","Mall Road, Khyber Lines, Delhi Cantonment, New Delhi","252","813, Sector 1, RK Puram, New Delhi","11/8/2016 - 11/8/2016, Every day, AM Peak",532,349,810
"8","Mall Road, Khyber Lines, Delhi Cantonment, New Delhi","253","0 Chaudhary Harsukh Marg, B6, Block B6, Humayunpur, Safdarjung Enclave, New Delhi","11/8/2016 - 11/8/2016, Every day, AM Peak",934,628,1387
"8","Mall Road, Khyber Lines, Delhi Cantonment, New Delhi","254","Squadron Leader Mohinder Kumar Jain Marg, Block B, New Delhi","11/8/2016 - 11/8/2016, Every day, AM Peak",1382,986,1935
"8","Mall Road, Khyber Lines, Delhi Cantonment, New Delhi","255","1700 Uday Chand Marg, Arya Basti, Zafar Nagar, Kotla Mubarakpur, South Extension I, New Delhi","11/8/2016 - 11/8/2016, Every day, AM Peak",1026,745,1411
"8","Mall Road, Khyber Lines, Delhi Cantonment, New Delhi","256","D-70, Mahavir Enclave I, Mahavir Enclave Part 2, Mahavir Enclave, New Delhi","11/8/2016 - 11/8/2016, Every day, AM Peak",1142,786,1659
"8","Mall Road, Khyber Lines, Delhi Cantonment, New Delhi","258","Sant Sujan Singh Marg, JJ Colony, Block N, Tagore Garden, Tagore Garden Extension, New Delhi","11/8/2016 - 11/8/2016, Every day, AM Peak",869,706,1069
"8","Mall Road, Khyber Lines, Delhi Cantonment, New Delhi","259","Jogging Lane, Pocket B-C, Sector-A, Vasant Kunj, New Delhi","11/8/2016 - 11/8/2016, Every day, AM Peak",1855,1315,2616
"8","Mall Road, Khyber Lines, Delhi Cantonment, New Delhi","263","200 Pirwali Gali, Block P, Block P, Patparganj, New Delhi","11/8/2016 - 11/8/2016, Every day, AM Peak",2084,1644,2641
"8","Mall Road, Khyber Lines, Delhi Cantonment, New Delhi","264","Noida Link Road, Nehru Enclave, Shakarpur Khas, New Delhi","11/8/2016 - 11/8/2016, Every day, AM Peak",2161,1670,2795
"8","Mall Road, Khyber Lines, Delhi Cantonment, New Delhi","265","0 Lane Number 8, Krishan Kunj Extension Part 2, Block G, Vishwakarma Park, Laxmi Nagar, Delhi","11/8/2016 - 11/8/2016, Every day, AM Peak",2019,1549,2630
"8","Mall Road, Khyber Lines, Delhi Cantonment, New Delhi","272","Anuvrat Marg, Butterfly Park, Qila Rai Pithora, Mehrauli, New Delhi","11/8/2016 - 11/8/2016, Every day, AM Peak",2267,1568,3277
"8","Mall Road, Khyber Lines, Delhi Cantonment, New Delhi","275","125/16, Jogabai Extension, Zakir Nagar, Okhla, New Delhi","11/8/2016 - 11/8/2016, Every day, AM Peak",2086,1399,3108
"8","Mall Road, Khyber Lines, Delhi Cantonment, New Delhi","279","Nightingale Road, Budella, Vikaspuri, Delhi","11/8/2016 - 11/8/2016, Every day, AM Peak",1486,1123,1965
"8","Mall Road, Khyber Lines, Delhi Cantonment, New Delhi","280","nullHastsal Road, Block A2, JJ Colony, Uttam Nagar, Delhi","11/8/2016 - 11/8/2016, Every day, AM Peak",1590,1210,2088
"8","Mall Road, Khyber Lines, Delhi Cantonment, New Delhi","281","D915, New Mahavir Nagar, Tilak Nagar, Delhi","11/8/2016 - 11/8/2016, Every day, AM Peak",1332,996,1780
"8","Mall Road, Khyber Lines, Delhi Cantonment, New Delhi","282","Velodrome Road, Gandhi Smriti, Raj Ghat, New Delhi","11/8/2016 - 11/8/2016, Every day, AM Peak",1910,1455,2507