"Origin Movement ID","Origin Display Name","Destination Movement ID","Destination Display Name","Date Range","Mean Travel Time (Seconds)","Range - Lower Bound Travel Time (Seconds)","Range - Upper Bound Travel Time (Seconds)"
"26","A3-214, Asalatpur Village, Janakpuri, Delhi","2","Unnamed Road, Delhi Cantonment, New Delhi","11/8/2016 - 11/8/2016, Every day, AM Peak",1246,862,1800
"26","A3-214, Asalatpur Village, Janakpuri, Delhi","3","Unnamed Road, Mahipalpur, New Delhi","11/8/2016 - 11/8/2016, Every day, AM Peak",2515,2019,3131
"26","A3-214, Asalatpur Village, Janakpuri, Delhi","4","P-268/3, Rock View, Delhi Cantonment, Delhi","11/8/2016 - 11/8/2016, Every day, AM Peak",2014,1613,2513
"26","A3-214, Asalatpur Village, Janakpuri, Delhi","5","Old Palam Road, Delhi Cantonment, New Delhi","11/8/2016 - 11/8/2016, Every day, AM Peak",1705,1272,2284
"26","A3-214, Asalatpur Village, Janakpuri, Delhi","6","Unnamed Road, CVD Line, Delhi Cantonment, New Delhi","11/8/2016 - 11/8/2016, Every day, AM Peak",885,639,1223
"26","A3-214, Asalatpur Village, Janakpuri, Delhi","7","P 13, Baird Place, Delhi Cantonment, New Delhi","11/8/2016 - 11/8/2016, Every day, AM Peak",1025,757,1387
"26","A3-214, Asalatpur Village, Janakpuri, Delhi","8","Mall Road, Khyber Lines, Delhi Cantonment, New Delhi","11/8/2016 - 11/8/2016, Every day, AM Peak",1685,1312,2162
"26","A3-214, Asalatpur Village, Janakpuri, Delhi","9","Mahatma Jyothi Rao Phule Marg, Mahatma Jyoti Rao Phule Marg Area, New Delhi","11/8/2016 - 11/8/2016, Every day, AM Peak",3431,3009,3911
"26","A3-214, Asalatpur Village, Janakpuri, Delhi","10","0 Shaheed Bhagat Singh Marg, DIZ Staff Quarters, Connaught Place, New Delhi","11/8/2016 - 11/8/2016, Every day, AM Peak",2822,2589,3075
"26","A3-214, Asalatpur Village, Janakpuri, Delhi","11","Mother Teresa Crescent, Talkatora Garden, Central Ridge Reserve Forest, New Delhi","11/8/2016 - 11/8/2016, Every day, AM Peak",1978,1562,2504
"26","A3-214, Asalatpur Village, Janakpuri, Delhi","12","Jantar Mantar Road, Janpath, Connaught Place, New Delhi","11/8/2016 - 11/8/2016, Every day, AM Peak",3205,2846,3608
"26","A3-214, Asalatpur Village, Janakpuri, Delhi","13","10, Aurangzeb Road, New Delhi","11/8/2016 - 11/8/2016, Every day, AM Peak",3154,2460,4043
"26","A3-214, Asalatpur Village, Janakpuri, Delhi","14","Mahatma Gandhi Road, Kidwai Nagar West, Kidwai Nagar, New Delhi","11/8/2016 - 11/8/2016, Every day, AM Peak",2466,2005,3031
"26","A3-214, Asalatpur Village, Janakpuri, Delhi","16","Andre Malraux Marg, Ramnagar, Chanakyapuri, New Delhi","11/8/2016 - 11/8/2016, Every day, AM Peak",2137,1701,2683
"26","A3-214, Asalatpur Village, Janakpuri, Delhi","17","0 Khanna Market Road, Aliganj, Lodi Colony, New Delhi","11/8/2016 - 11/8/2016, Every day, AM Peak",3293,2517,4307
"26","A3-214, Asalatpur Village, Janakpuri, Delhi","24","268, Block B2, Shiv Nagar, Janakpuri, New Delhi","11/8/2016 - 11/8/2016, Every day, AM Peak",330,92,1177
"26","A3-214, Asalatpur Village, Janakpuri, Delhi","25","nullNehru Vihar Road, B Block, A Block, Nehru Vihar, Mukherjee Nagar, Delhi","11/8/2016 - 11/8/2016, Every day, AM Peak",1953,1617,2358
"26","A3-214, Asalatpur Village, Janakpuri, Delhi","27","0 Ram Mandir Marg, C5B Block, Janakpuri, New Delhi","11/8/2016 - 11/8/2016, Every day, AM Peak",330,121,893
"26","A3-214, Asalatpur Village, Janakpuri, Delhi","28","nullSchool Road, Block M, Uttam Nagar, Delhi","11/8/2016 - 11/8/2016, Every day, AM Peak",296,86,1007
"26","A3-214, Asalatpur Village, Janakpuri, Delhi","29","Street Number 14, Block C, Sitapuri Part 1, Janakpuri, New Delhi","11/8/2016 - 11/8/2016, Every day, AM Peak",350,185,660
"26","A3-214, Asalatpur Village, Janakpuri, Delhi","31","Main Jhatikra Road, Paprawat, Delhi","11/8/2016 - 11/8/2016, Every day, AM Peak",1754,1314,2340
"26","A3-214, Asalatpur Village, Janakpuri, Delhi","32","METRO MALL, Pocket 1, Sector 14 Dwarka, Dwarka, New Delhi","11/8/2016 - 11/8/2016, Every day, AM Peak",1261,912,1742
"26","A3-214, Asalatpur Village, Janakpuri, Delhi","61","Unnamed Road, National Zoological Park, Sundar Nagar, New Delhi","11/8/2016 - 11/8/2016, Every day, AM Peak",3688,2795,4865
"26","A3-214, Asalatpur Village, Janakpuri, Delhi","62","D/116, Jeewan Nagar, Sunlight Colony, New Delhi","11/8/2016 - 11/8/2016, Every day, AM Peak",2971,2374,3716
"26","A3-214, Asalatpur Village, Janakpuri, Delhi","63","Jawaharlal Nehru Stadium Marg, CGO Complex, Pragati Vihar, New Delhi","11/8/2016 - 11/8/2016, Every day, AM Peak",3423,2671,4385
"26","A3-214, Asalatpur Village, Janakpuri, Delhi","64","6/37, Vikram Vihar, Lajpat Nagar IV, Lajpat Nagar, New Delhi","11/8/2016 - 11/8/2016, Every day, AM Peak",2816,2322,3414
"26","A3-214, Asalatpur Village, Janakpuri, Delhi","65","Shaheed Jeet Singh Marg, NCERT Campus, Qutab Institutional Area, New Delhi","11/8/2016 - 11/8/2016, Every day, AM Peak",3341,2964,3765
"26","A3-214, Asalatpur Village, Janakpuri, Delhi","67","63/33, Hudco Place, Andrews Ganj Extension, Andrews Ganj, New Delhi","11/8/2016 - 11/8/2016, Every day, AM Peak",2694,2195,3305
"26","A3-214, Asalatpur Village, Janakpuri, Delhi","68","0 Paschimi Marg, Block E, Vasant Vihar, New Delhi","11/8/2016 - 11/8/2016, Every day, AM Peak",2955,2544,3431
"26","A3-214, Asalatpur Village, Janakpuri, Delhi","69","1129, Sector 2 R K Puram, Sector 2, RK Puram, New Delhi","11/8/2016 - 11/8/2016, Every day, AM Peak",2961,2600,3371
"26","A3-214, Asalatpur Village, Janakpuri, Delhi","70","G288, Sector 3, Block G, Nanak Pura, South Moti Bagh, New Delhi","11/8/2016 - 11/8/2016, Every day, AM Peak",2028,1566,2625
"26","A3-214, Asalatpur Village, Janakpuri, Delhi","71","JNU Ring Road, Jawaharlal Nehru University, New Delhi","11/8/2016 - 11/8/2016, Every day, AM Peak",3136,2732,3599
"26","A3-214, Asalatpur Village, Janakpuri, Delhi","80","E-492, Block E, Greater Kailash II, Greater Kailash, New Delhi","11/8/2016 - 11/8/2016, Every day, AM Peak",3725,3262,4252
"26","A3-214, Asalatpur Village, Janakpuri, Delhi","82","286, Asian Games Village Complex, Siri Fort, New Delhi","11/8/2016 - 11/8/2016, Every day, AM Peak",3631,3154,4179
"26","A3-214, Asalatpur Village, Janakpuri, Delhi","83","C2, Block C, Kailash Colony, Greater Kailash, New Delhi","11/8/2016 - 11/8/2016, Every day, AM Peak",3717,3240,4263
"26","A3-214, Asalatpur Village, Janakpuri, Delhi","84","nullMathura Road, Friends Colony West, Block A, New Friends Colony, New Delhi","11/8/2016 - 11/8/2016, Every day, AM Peak",3208,2518,4086
"26","A3-214, Asalatpur Village, Janakpuri, Delhi","85","Outer Ring Road, Block 13, Nehru Enclave East, Okhla Industrial Area, New Delhi","11/8/2016 - 11/8/2016, Every day, AM Peak",3563,2980,4258
"26","A3-214, Asalatpur Village, Janakpuri, Delhi","87","0 Maharaja Agarsen Marg, Subash Khand, Giri Nagar, Kalkaji, New Delhi","11/8/2016 - 11/8/2016, Every day, AM Peak",3998,3381,4726
"26","A3-214, Asalatpur Village, Janakpuri, Delhi","91","nullTum Road, Sanjay Colony II, Sanjay Colony, Okhla Phase II, Okhla Industrial Area, New Delhi","11/8/2016 - 11/8/2016, Every day, AM Peak",3582,2853,4496
"26","A3-214, Asalatpur Village, Janakpuri, Delhi","103","nullDasghara Road, Dasghara, New Delhi","11/8/2016 - 11/8/2016, Every day, AM Peak",2049,1741,2410
"26","A3-214, Asalatpur Village, Janakpuri, Delhi","105","nullGoswami Girdhari Lal Marg, Industrial Area Phase I, Block C, Naraina Industrial Area Phase 1, Naraina, New Delhi","11/8/2016 - 11/8/2016, Every day, AM Peak",1594,1084,2343
"26","A3-214, Asalatpur Village, Janakpuri, Delhi","111","61 TO 80, Pocket J, Sarita Vihar, New Delhi","11/8/2016 - 11/8/2016, Every day, AM Peak",3616,2953,4426
"26","A3-214, Asalatpur Village, Janakpuri, Delhi","121","22/55, West Punjabi Bagh, Punjabi Bagh, Delhi","11/8/2016 - 11/8/2016, Every day, AM Peak",1733,1237,2427
"26","A3-214, Asalatpur Village, Janakpuri, Delhi","122","2600 Mandir Wali Gali, Ranjeet Nagar, Shadipur, Delhi","11/8/2016 - 11/8/2016, Every day, AM Peak",1959,1660,2310
"26","A3-214, Asalatpur Village, Janakpuri, Delhi","123","Loknath Marg, Block M, Kirti Nagar, New Delhi","11/8/2016 - 11/8/2016, Every day, AM Peak",1324,899,1949
"26","A3-214, Asalatpur Village, Janakpuri, Delhi","124","30, 31, Block B, Mansarover Garden, New Delhi","11/8/2016 - 11/8/2016, Every day, AM Peak",1352,837,2181
"26","A3-214, Asalatpur Village, Janakpuri, Delhi","129","Gali Number 8, Anand Parbat, New Delhi","11/8/2016 - 11/8/2016, Every day, AM Peak",1600,1119,2286
"26","A3-214, Asalatpur Village, Janakpuri, Delhi","132","1600 Lothian Road, Chabi Ganj, Kashmere Gate, New Delhi","11/8/2016 - 11/8/2016, Every day, AM Peak",2476,2089,2933
"26","A3-214, Asalatpur Village, Janakpuri, Delhi","133","0 Raj Niwas Marg, Ludlow Castle, Civil Lines, Delhi","11/8/2016 - 11/8/2016, Every day, AM Peak",2267,1834,2802
"26","A3-214, Asalatpur Village, Janakpuri, Delhi","135","0 Uggarsen Market Road, Meenakshi Garden, Ashok Nagar, Delhi","11/8/2016 - 11/8/2016, Every day, AM Peak",551,336,901
"26","A3-214, Asalatpur Village, Janakpuri, Delhi","136","nullKeshopur Road, New Chaukhandi, Paschim Vihar, Delhi","11/8/2016 - 11/8/2016, Every day, AM Peak",528,314,887
"26","A3-214, Asalatpur Village, Janakpuri, Delhi","137","nullRoad Number 235, Block H, Vikaspuri, Delhi","11/8/2016 - 11/8/2016, Every day, AM Peak",392,246,623
"26","A3-214, Asalatpur Village, Janakpuri, Delhi","138","Gali Number 11, Vipin Garden Extension, Laxmi Vihar, Nawada, Delhi","11/8/2016 - 11/8/2016, Every day, AM Peak",1233,719,2113
"26","A3-214, Asalatpur Village, Janakpuri, Delhi","139","nullBudh Bazar Road, Nawada, Nawada Majra Village, Nawada, Delhi","11/8/2016 - 11/8/2016, Every day, AM Peak",784,513,1195
"26","A3-214, Asalatpur Village, Janakpuri, Delhi","140","A12/B, Sainik Nagar, Mansa Ram Park, Uttam Nagar, Delhi","11/8/2016 - 11/8/2016, Every day, AM Peak",829,418,1641
"26","A3-214, Asalatpur Village, Janakpuri, Delhi","141","nullBindapur Matiala Road, Nand Ram Park, Bhagat Enclave, Bindapur, Delhi","11/8/2016 - 11/8/2016, Every day, AM Peak",666,269,1646
"26","A3-214, Asalatpur Village, Janakpuri, Delhi","142","Gali Number 1, Dabri Village, Dabri, New Delhi","11/8/2016 - 11/8/2016, Every day, AM Peak",390,233,651
"26","A3-214, Asalatpur Village, Janakpuri, Delhi","143","nullRoad Number 221, Pocket 1, Sector 10 Dwarka, Dwarka, Delhi","11/8/2016 - 11/8/2016, Every day, AM Peak",1109,777,1581
"26","A3-214, Asalatpur Village, Janakpuri, Delhi","146","nullKotla Road, Pocket F2, Pocket 1, Sector 11F, Rohini, Delhi","11/8/2016 - 11/8/2016, Every day, AM Peak",1770,1382,2265
"26","A3-214, Asalatpur Village, Janakpuri, Delhi","148","Unnamed Road, Patparganj, New Delhi","11/8/2016 - 11/8/2016, Every day, AM Peak",3561,2830,4479
"26","A3-214, Asalatpur Village, Janakpuri, Delhi","159","300 Maharishi Balmiki Mandir Marg, Block H, Shakurpur Colony, Pitampura, Delhi","11/8/2016 - 11/8/2016, Every day, AM Peak",2027,1449,2834
"26","A3-214, Asalatpur Village, Janakpuri, Delhi","160","23, Shiva Enclave, Pitampura, Delhi","11/8/2016 - 11/8/2016, Every day, AM Peak",1005,758,1331
"26","A3-214, Asalatpur Village, Janakpuri, Delhi","161","nullLawrence Road, Rampura Industrial Area, Tri Nagar, Delhi","11/8/2016 - 11/8/2016, Every day, AM Peak",1994,1428,2784
"26","A3-214, Asalatpur Village, Janakpuri, Delhi","163","0 Guru Harkishan Marg, Maulana Azad Society, Bhagwan Buddha Housing Corporation Society, Pitampura, Delhi","11/8/2016 - 11/8/2016, Every day, AM Peak",897,643,1250
"26","A3-214, Asalatpur Village, Janakpuri, Delhi","164","Shakurbasti Pedestrian Foot Over Bridge, Shakur Basti Railway Colony, Railway Colony South, Pitampura, Delhi","11/8/2016 - 11/8/2016, Every day, AM Peak",1784,1335,2383
"26","A3-214, Asalatpur Village, Janakpuri, Delhi","165","31, Cottage Enclave, Paschim Vihar, Delhi","11/8/2016 - 11/8/2016, Every day, AM Peak",738,518,1050
"26","A3-214, Asalatpur Village, Janakpuri, Delhi","166","nullRBI Enclave Road, Ankur Enclave, Paschim Vihar, Delhi","11/8/2016 - 11/8/2016, Every day, AM Peak",567,382,840
"26","A3-214, Asalatpur Village, Janakpuri, Delhi","169","G-9, Block F 1U, Ranikhet, Pitampura, Delhi","11/8/2016 - 11/8/2016, Every day, AM Peak",1224,922,1624
"26","A3-214, Asalatpur Village, Janakpuri, Delhi","170","nullColony Road, Block QP, Poorvi Pitampura, Pitampura, Delhi","11/8/2016 - 11/8/2016, Every day, AM Peak",1166,843,1611
"26","A3-214, Asalatpur Village, Janakpuri, Delhi","171","nullG Block Road, Pocket 21, Sector 7G, Rohini, Delhi","11/8/2016 - 11/8/2016, Every day, AM Peak",1543,1058,2248
"26","A3-214, Asalatpur Village, Janakpuri, Delhi","172","nullShiva Road, Pocket 14, Sector 8D, Rohini, Delhi","11/8/2016 - 11/8/2016, Every day, AM Peak",1074,811,1422
"26","A3-214, Asalatpur Village, Janakpuri, Delhi","173","Unnamed Road, Swarn Jayanti Park, Sector 10, Rohini, Delhi","11/8/2016 - 11/8/2016, Every day, AM Peak",1483,1141,1926
"26","A3-214, Asalatpur Village, Janakpuri, Delhi","175","235, Block E, Block E, Mangolpuri, Delhi","11/8/2016 - 11/8/2016, Every day, AM Peak",782,571,1069
"26","A3-214, Asalatpur Village, Janakpuri, Delhi","176","B7-187, Pocket 7, Sector 3B, Rohini, Delhi","11/8/2016 - 11/8/2016, Every day, AM Peak",907,669,1228
"26","A3-214, Asalatpur Village, Janakpuri, Delhi","179","0 AB Road, Block RR, Mianwali Nagar, Paschim Vihar, Delhi","11/8/2016 - 11/8/2016, Every day, AM Peak",686,510,921
"26","A3-214, Asalatpur Village, Janakpuri, Delhi","180","GH-14/234, GH 14, Block GH 14, Paschim Vihar, Delhi","11/8/2016 - 11/8/2016, Every day, AM Peak",649,430,978
"26","A3-214, Asalatpur Village, Janakpuri, Delhi","185","Bawana Road, Puth Khurd, Delhi","11/8/2016 - 11/8/2016, Every day, AM Peak",1802,1463,2218
"26","A3-214, Asalatpur Village, Janakpuri, Delhi","186","14, Sector 21, Rohini, Delhi","11/8/2016 - 11/8/2016, Every day, AM Peak",1659,1325,2076
"26","A3-214, Asalatpur Village, Janakpuri, Delhi","187","60, Vijay Vihar Phase II, Pocket C, Sector 1, Rohini, Delhi","11/8/2016 - 11/8/2016, Every day, AM Peak",1288,932,1778
"26","A3-214, Asalatpur Village, Janakpuri, Delhi","193","Unnamed Road, Usmanpur, Shahdara, Delhi","11/8/2016 - 11/8/2016, Every day, AM Peak",3058,2489,3755
"26","A3-214, Asalatpur Village, Janakpuri, Delhi","196","nullSir Chotu Ram Marg, Pocket 4, Sector 6C, Rohini, Delhi","11/8/2016 - 11/8/2016, Every day, AM Peak",1731,1327,2256
"26","A3-214, Asalatpur Village, Janakpuri, Delhi","199","0 Shivaji Marg, New Moti Nagar, Najafgarh Road Industrial Area, Delhi","11/8/2016 - 11/8/2016, Every day, AM Peak",1536,1003,2350
"26","A3-214, Asalatpur Village, Janakpuri, Delhi","200","Dabri - Gurgaon Road, Pocket 2, Sector 1 Dwarka, Dwarka, New Delhi","11/8/2016 - 11/8/2016, Every day, AM Peak",736,519,1041
"26","A3-214, Asalatpur Village, Janakpuri, Delhi","204","0 East Patel Nagar Road, Block 10A, East Patel Nagar, Patel Nagar, New Delhi","11/8/2016 - 11/8/2016, Every day, AM Peak",2145,1638,2808
"26","A3-214, Asalatpur Village, Janakpuri, Delhi","205","2100 Gali Number 14, Block B, Prem Nagar, Patel Nagar, New Delhi","11/8/2016 - 11/8/2016, Every day, AM Peak",1860,1534,2254
"26","A3-214, Asalatpur Village, Janakpuri, Delhi","212","Bawana Road, Sector 30, Rohini, Delhi","11/8/2016 - 11/8/2016, Every day, AM Peak",2107,1664,2666
"26","A3-214, Asalatpur Village, Janakpuri, Delhi","215","Unnamed Road, Bagiabad, Jharoda Majra Burari, Delhi","11/8/2016 - 11/8/2016, Every day, AM Peak",1788,1477,2163
"26","A3-214, Asalatpur Village, Janakpuri, Delhi","216","0 Main Canal Road, Harit Vihar, Mukandpur Part 2, Mukundpur, Delhi","11/8/2016 - 11/8/2016, Every day, AM Peak",1655,1349,2029
"26","A3-214, Asalatpur Village, Janakpuri, Delhi","218","nullTandoor Wali Gali, Swami Shraddhanand Park, Bhalswa Dairy, Jahangirpura, Delhi","11/8/2016 - 11/8/2016, Every day, AM Peak",1413,1133,1760
"26","A3-214, Asalatpur Village, Janakpuri, Delhi","219","461, Block AG, Sanjay Gandhi Transport Nagar, Delhi","11/8/2016 - 11/8/2016, Every day, AM Peak",1337,1012,1766
"26","A3-214, Asalatpur Village, Janakpuri, Delhi","222","Sector E, Mahipalpur Village, Vasant Kunj, New Delhi","11/8/2016 - 11/8/2016, Every day, AM Peak",2997,2490,3607
"26","A3-214, Asalatpur Village, Janakpuri, Delhi","223","Urban Extension Road II, Indira Gandhi International Airport, New Delhi","11/8/2016 - 11/8/2016, Every day, AM Peak",2747,2145,3517
"26","A3-214, Asalatpur Village, Janakpuri, Delhi","224","Main Road, Bharthal, Sector 27 Dwarka, Bharthal, New Delhi","11/8/2016 - 11/8/2016, Every day, AM Peak",1621,1208,2174
"26","A3-214, Asalatpur Village, Janakpuri, Delhi","228","0 Lucknow Road, Banarsi Das Estate, Timarpur, Delhi","11/8/2016 - 11/8/2016, Every day, AM Peak",2250,1764,2868
"26","A3-214, Asalatpur Village, Janakpuri, Delhi","229","200 Road Number 28, Nehru Nagar, Shivaji Place, Basai Dara pur, Tagore Garden Extension, New Delhi","11/8/2016 - 11/8/2016, Every day, AM Peak",1154,794,1676
"26","A3-214, Asalatpur Village, Janakpuri, Delhi","231","G-17/6, Block G, Rajouri Garden, New Delhi","11/8/2016 - 11/8/2016, Every day, AM Peak",947,602,1488
"26","A3-214, Asalatpur Village, Janakpuri, Delhi","232","4-3, Mayapuri Industrial Area Phase II, Mayapuri, New Delhi","11/8/2016 - 11/8/2016, Every day, AM Peak",728,482,1098
"26","A3-214, Asalatpur Village, Janakpuri, Delhi","233","nullSatguru Ram Singh Marg, Block B, Mayapuri Industrial Area Phase I, Mayapuri, New Delhi","11/8/2016 - 11/8/2016, Every day, AM Peak",1162,738,1827
"26","A3-214, Asalatpur Village, Janakpuri, Delhi","234","113, Press Colony, Press Colony, Mayapuri, New Delhi","11/8/2016 - 11/8/2016, Every day, AM Peak",1309,916,1868
"26","A3-214, Asalatpur Village, Janakpuri, Delhi","235","nullBharat Vihar Road, Block G, Raja Puri, Matiala, Delhi","11/8/2016 - 11/8/2016, Every day, AM Peak",1045,674,1618
"26","A3-214, Asalatpur Village, Janakpuri, Delhi","236","nullRithala Road, Pocket A, Budh Vihar Phase I, Budh Vihar, Delhi","11/8/2016 - 11/8/2016, Every day, AM Peak",1501,1191,1890
"26","A3-214, Asalatpur Village, Janakpuri, Delhi","240","37, Sector 15, Pocket 6, Sector 15B, Rohini, Delhi","11/8/2016 - 11/8/2016, Every day, AM Peak",1236,917,1664
"26","A3-214, Asalatpur Village, Janakpuri, Delhi","244","Dhingra Park Trail, Punjabi Bagh Cooperative Housing Soceity, East Punjabi Bagh, Punjabi Bagh, Delhi","11/8/2016 - 11/8/2016, Every day, AM Peak",1929,1383,2689
"26","A3-214, Asalatpur Village, Janakpuri, Delhi","245","N-1/17, Block M, Mangolpuri, Delhi","11/8/2016 - 11/8/2016, Every day, AM Peak",1063,795,1421
"26","A3-214, Asalatpur Village, Janakpuri, Delhi","246","nullShiv Mandir Marg, Block G, Lajpat Nagar I, Lajpat Nagar, New Delhi","11/8/2016 - 11/8/2016, Every day, AM Peak",2771,2254,3406
"26","A3-214, Asalatpur Village, Janakpuri, Delhi","247","9/2082, Pocket 2, Block RZ, Palam Colony, New Delhi","11/8/2016 - 11/8/2016, Every day, AM Peak",1038,802,1343
"26","A3-214, Asalatpur Village, Janakpuri, Delhi","248","Unnamed Road, Harijan Basti, Rajokri, New Delhi","11/8/2016 - 11/8/2016, Every day, AM Peak",3375,2822,4036
"26","A3-214, Asalatpur Village, Janakpuri, Delhi","251","A25, Block R, Pocket A, Rajender Nagar Part 1, New Rajinder Nagar, New Delhi","11/8/2016 - 11/8/2016, Every day, AM Peak",2399,2126,2705
"26","A3-214, Asalatpur Village, Janakpuri, Delhi","252","813, Sector 1, RK Puram, New Delhi","11/8/2016 - 11/8/2016, Every day, AM Peak",2331,1881,2887
"26","A3-214, Asalatpur Village, Janakpuri, Delhi","253","0 Chaudhary Harsukh Marg, B6, Block B6, Humayunpur, Safdarjung Enclave, New Delhi","11/8/2016 - 11/8/2016, Every day, AM Peak",2814,2308,3429
"26","A3-214, Asalatpur Village, Janakpuri, Delhi","254","Squadron Leader Mohinder Kumar Jain Marg, Block B, New Delhi","11/8/2016 - 11/8/2016, Every day, AM Peak",3153,2696,3687
"26","A3-214, Asalatpur Village, Janakpuri, Delhi","255","1700 Uday Chand Marg, Arya Basti, Zafar Nagar, Kotla Mubarakpur, South Extension I, New Delhi","11/8/2016 - 11/8/2016, Every day, AM Peak",2679,2155,3329
"26","A3-214, Asalatpur Village, Janakpuri, Delhi","256","D-70, Mahavir Enclave I, Mahavir Enclave Part 2, Mahavir Enclave, New Delhi","11/8/2016 - 11/8/2016, Every day, AM Peak",561,366,858
"26","A3-214, Asalatpur Village, Janakpuri, Delhi","257","y 788, Block W, Mangolpur Khurd, Mangolpuri, नई दिल्ली","11/8/2016 - 11/8/2016, Every day, AM Peak",1162,844,1599
"26","A3-214, Asalatpur Village, Janakpuri, Delhi","258","Sant Sujan Singh Marg, JJ Colony, Block N, Tagore Garden, Tagore Garden Extension, New Delhi","11/8/2016 - 11/8/2016, Every day, AM Peak",691,453,1053
"26","A3-214, Asalatpur Village, Janakpuri, Delhi","261","Nangli Ibrahimpur Road, Kadipur, Kushak Colony, Kadipur Village, Delhi","11/8/2016 - 11/8/2016, Every day, AM Peak",1536,1242,1898
"26","A3-214, Asalatpur Village, Janakpuri, Delhi","277","700 Outer Ring Road, Bhalswa Jahangir Village, Jahangirpuri, नई दिल्ली","11/8/2016 - 11/8/2016, Every day, AM Peak",1460,1161,1835
"26","A3-214, Asalatpur Village, Janakpuri, Delhi","279","Nightingale Road, Budella, Vikaspuri, Delhi","11/8/2016 - 11/8/2016, Every day, AM Peak",326,191,555
"26","A3-214, Asalatpur Village, Janakpuri, Delhi","280","nullHastsal Road, Block A2, JJ Colony, Uttam Nagar, Delhi","11/8/2016 - 11/8/2016, Every day, AM Peak",380,177,815
"26","A3-214, Asalatpur Village, Janakpuri, Delhi","281","D915, New Mahavir Nagar, Tilak Nagar, Delhi","11/8/2016 - 11/8/2016, Every day, AM Peak",243,109,539
"26","A3-214, Asalatpur Village, Janakpuri, Delhi","283","nullVijay Marg, Block B, Baljit Nagar, Patel Nagar, New Delhi","11/8/2016 - 11/8/2016, Every day, AM Peak",1833,1517,2213