"Origin Movement ID","Origin Display Name","Destination Movement ID","Destination Display Name","Date Range","Mean Travel Time (Seconds)","Range - Lower Bound Travel Time (Seconds)","Range - Upper Bound Travel Time (Seconds)"
"17","0 Khanna Market Road, Aliganj, Lodi Colony, New Delhi","3","Unnamed Road, Mahipalpur, New Delhi","9/2/2016 - 9/2/2016, Every day, AM Peak",1603,1194,2151
"17","0 Khanna Market Road, Aliganj, Lodi Colony, New Delhi","4","P-268/3, Rock View, Delhi Cantonment, Delhi","9/2/2016 - 9/2/2016, Every day, AM Peak",1544,1240,1921
"17","0 Khanna Market Road, Aliganj, Lodi Colony, New Delhi","5","Old Palam Road, Delhi Cantonment, New Delhi","9/2/2016 - 9/2/2016, Every day, AM Peak",1736,1401,2151
"17","0 Khanna Market Road, Aliganj, Lodi Colony, New Delhi","8","Mall Road, Khyber Lines, Delhi Cantonment, New Delhi","9/2/2016 - 9/2/2016, Every day, AM Peak",1060,838,1340
"17","0 Khanna Market Road, Aliganj, Lodi Colony, New Delhi","9","Mahatma Jyothi Rao Phule Marg, Mahatma Jyoti Rao Phule Marg Area, New Delhi","9/2/2016 - 9/2/2016, Every day, AM Peak",979,575,1664
"17","0 Khanna Market Road, Aliganj, Lodi Colony, New Delhi","10","0 Shaheed Bhagat Singh Marg, DIZ Staff Quarters, Connaught Place, New Delhi","9/2/2016 - 9/2/2016, Every day, AM Peak",1039,705,1529
"17","0 Khanna Market Road, Aliganj, Lodi Colony, New Delhi","11","Mother Teresa Crescent, Talkatora Garden, Central Ridge Reserve Forest, New Delhi","9/2/2016 - 9/2/2016, Every day, AM Peak",866,616,1216
"17","0 Khanna Market Road, Aliganj, Lodi Colony, New Delhi","12","Jantar Mantar Road, Janpath, Connaught Place, New Delhi","9/2/2016 - 9/2/2016, Every day, AM Peak",833,548,1265
"17","0 Khanna Market Road, Aliganj, Lodi Colony, New Delhi","13","10, Aurangzeb Road, New Delhi","9/2/2016 - 9/2/2016, Every day, AM Peak",337,145,782
"17","0 Khanna Market Road, Aliganj, Lodi Colony, New Delhi","14","Mahatma Gandhi Road, Kidwai Nagar West, Kidwai Nagar, New Delhi","9/2/2016 - 9/2/2016, Every day, AM Peak",322,213,485
"17","0 Khanna Market Road, Aliganj, Lodi Colony, New Delhi","15","H205, Block H, Sarojini Nagar, New Delhi","9/2/2016 - 9/2/2016, Every day, AM Peak",451,333,610
"17","0 Khanna Market Road, Aliganj, Lodi Colony, New Delhi","16","Andre Malraux Marg, Ramnagar, Chanakyapuri, New Delhi","9/2/2016 - 9/2/2016, Every day, AM Peak",297,92,957
"17","0 Khanna Market Road, Aliganj, Lodi Colony, New Delhi","19","Mirdard Road, 64 Khamba, Maulana Azad Medical College Campus, New Delhi","9/2/2016 - 9/2/2016, Every day, AM Peak",1076,734,1577
"17","0 Khanna Market Road, Aliganj, Lodi Colony, New Delhi","61","Unnamed Road, National Zoological Park, Sundar Nagar, New Delhi","9/2/2016 - 9/2/2016, Every day, AM Peak",744,398,1388
"17","0 Khanna Market Road, Aliganj, Lodi Colony, New Delhi","63","Jawaharlal Nehru Stadium Marg, CGO Complex, Pragati Vihar, New Delhi","9/2/2016 - 9/2/2016, Every day, AM Peak",306,103,901
"17","0 Khanna Market Road, Aliganj, Lodi Colony, New Delhi","64","6/37, Vikram Vihar, Lajpat Nagar IV, Lajpat Nagar, New Delhi","9/2/2016 - 9/2/2016, Every day, AM Peak",835,627,1111
"17","0 Khanna Market Road, Aliganj, Lodi Colony, New Delhi","65","Shaheed Jeet Singh Marg, NCERT Campus, Qutab Institutional Area, New Delhi","9/2/2016 - 9/2/2016, Every day, AM Peak",947,698,1283
"17","0 Khanna Market Road, Aliganj, Lodi Colony, New Delhi","66","nullBhagat Singh Market Marg, Block K, Malviya Nagar, New Delhi","9/2/2016 - 9/2/2016, Every day, AM Peak",1382,872,2190
"17","0 Khanna Market Road, Aliganj, Lodi Colony, New Delhi","67","63/33, Hudco Place, Andrews Ganj Extension, Andrews Ganj, New Delhi","9/2/2016 - 9/2/2016, Every day, AM Peak",676,477,957
"17","0 Khanna Market Road, Aliganj, Lodi Colony, New Delhi","68","0 Paschimi Marg, Block E, Vasant Vihar, New Delhi","9/2/2016 - 9/2/2016, Every day, AM Peak",1317,1035,1674
"17","0 Khanna Market Road, Aliganj, Lodi Colony, New Delhi","69","1129, Sector 2 R K Puram, Sector 2, RK Puram, New Delhi","9/2/2016 - 9/2/2016, Every day, AM Peak",975,714,1331
"17","0 Khanna Market Road, Aliganj, Lodi Colony, New Delhi","70","G288, Sector 3, Block G, Nanak Pura, South Moti Bagh, New Delhi","9/2/2016 - 9/2/2016, Every day, AM Peak",1067,822,1384
"17","0 Khanna Market Road, Aliganj, Lodi Colony, New Delhi","71","JNU Ring Road, Jawaharlal Nehru University, New Delhi","9/2/2016 - 9/2/2016, Every day, AM Peak",1239,924,1661
"17","0 Khanna Market Road, Aliganj, Lodi Colony, New Delhi","82","286, Asian Games Village Complex, Siri Fort, New Delhi","9/2/2016 - 9/2/2016, Every day, AM Peak",1031,686,1548
"17","0 Khanna Market Road, Aliganj, Lodi Colony, New Delhi","83","C2, Block C, Kailash Colony, Greater Kailash, New Delhi","9/2/2016 - 9/2/2016, Every day, AM Peak",1065,829,1367
"17","0 Khanna Market Road, Aliganj, Lodi Colony, New Delhi","103","nullDasghara Road, Dasghara, New Delhi","9/2/2016 - 9/2/2016, Every day, AM Peak",1594,1092,2325
"17","0 Khanna Market Road, Aliganj, Lodi Colony, New Delhi","106","IGNOU Residential Campus Road, Rocky Area, Stone Quarries, Maidan Garhi, New Delhi","9/2/2016 - 9/2/2016, Every day, AM Peak",1698,1309,2202
"17","0 Khanna Market Road, Aliganj, Lodi Colony, New Delhi","107","1100 Zia UL Haq Road, Block A1, Chattarpur, Chhattarpur, New Delhi","9/2/2016 - 9/2/2016, Every day, AM Peak",1947,1414,2680
"17","0 Khanna Market Road, Aliganj, Lodi Colony, New Delhi","108","Unnamed Road, Block G, Bhim Basti, Jaunapur, New Delhi","9/2/2016 - 9/2/2016, Every day, AM Peak",2806,2315,3400
"17","0 Khanna Market Road, Aliganj, Lodi Colony, New Delhi","148","Unnamed Road, Patparganj, New Delhi","9/2/2016 - 9/2/2016, Every day, AM Peak",1198,787,1822
"17","0 Khanna Market Road, Aliganj, Lodi Colony, New Delhi","154","nullGali Number 6, Block B, Block D, Vinod Nagar North, Delhi","9/2/2016 - 9/2/2016, Every day, AM Peak",1385,900,2131
"17","0 Khanna Market Road, Aliganj, Lodi Colony, New Delhi","191","0 Hasanpur, I.P.Extension, Patparganj, Delhi","9/2/2016 - 9/2/2016, Every day, AM Peak",1640,1137,2365
"17","0 Khanna Market Road, Aliganj, Lodi Colony, New Delhi","193","Unnamed Road, Usmanpur, Shahdara, Delhi","9/2/2016 - 9/2/2016, Every day, AM Peak",1045,649,1681
"17","0 Khanna Market Road, Aliganj, Lodi Colony, New Delhi","204","0 East Patel Nagar Road, Block 10A, East Patel Nagar, Patel Nagar, New Delhi","9/2/2016 - 9/2/2016, Every day, AM Peak",1542,1270,1871
"17","0 Khanna Market Road, Aliganj, Lodi Colony, New Delhi","208","Desh Bandhu Gupta Road, Block E, Jhandewalan Extension, Jhandewalan, New Delhi","9/2/2016 - 9/2/2016, Every day, AM Peak",1488,1199,1845
"17","0 Khanna Market Road, Aliganj, Lodi Colony, New Delhi","222","Sector E, Mahipalpur Village, Vasant Kunj, New Delhi","9/2/2016 - 9/2/2016, Every day, AM Peak",2187,1647,2902
"17","0 Khanna Market Road, Aliganj, Lodi Colony, New Delhi","223","Urban Extension Road II, Indira Gandhi International Airport, New Delhi","9/2/2016 - 9/2/2016, Every day, AM Peak",2448,1910,3137
"17","0 Khanna Market Road, Aliganj, Lodi Colony, New Delhi","248","Unnamed Road, Harijan Basti, Rajokri, New Delhi","9/2/2016 - 9/2/2016, Every day, AM Peak",2269,1671,3079
"17","0 Khanna Market Road, Aliganj, Lodi Colony, New Delhi","251","A25, Block R, Pocket A, Rajender Nagar Part 1, New Rajinder Nagar, New Delhi","9/2/2016 - 9/2/2016, Every day, AM Peak",1210,889,1646
"17","0 Khanna Market Road, Aliganj, Lodi Colony, New Delhi","252","813, Sector 1, RK Puram, New Delhi","9/2/2016 - 9/2/2016, Every day, AM Peak",747,541,1030
"17","0 Khanna Market Road, Aliganj, Lodi Colony, New Delhi","253","0 Chaudhary Harsukh Marg, B6, Block B6, Humayunpur, Safdarjung Enclave, New Delhi","9/2/2016 - 9/2/2016, Every day, AM Peak",504,342,741
"17","0 Khanna Market Road, Aliganj, Lodi Colony, New Delhi","254","Squadron Leader Mohinder Kumar Jain Marg, Block B, New Delhi","9/2/2016 - 9/2/2016, Every day, AM Peak",552,378,805
"17","0 Khanna Market Road, Aliganj, Lodi Colony, New Delhi","255","1700 Uday Chand Marg, Arya Basti, Zafar Nagar, Kotla Mubarakpur, South Extension I, New Delhi","9/2/2016 - 9/2/2016, Every day, AM Peak",160,89,284
"17","0 Khanna Market Road, Aliganj, Lodi Colony, New Delhi","259","Jogging Lane, Pocket B-C, Sector-A, Vasant Kunj, New Delhi","9/2/2016 - 9/2/2016, Every day, AM Peak",1259,845,1875
"17","0 Khanna Market Road, Aliganj, Lodi Colony, New Delhi","263","200 Pirwali Gali, Block P, Block P, Patparganj, New Delhi","9/2/2016 - 9/2/2016, Every day, AM Peak",1486,929,2376
"17","0 Khanna Market Road, Aliganj, Lodi Colony, New Delhi","264","Noida Link Road, Nehru Enclave, Shakarpur Khas, New Delhi","9/2/2016 - 9/2/2016, Every day, AM Peak",1315,630,2744
"17","0 Khanna Market Road, Aliganj, Lodi Colony, New Delhi","272","Anuvrat Marg, Butterfly Park, Qila Rai Pithora, Mehrauli, New Delhi","9/2/2016 - 9/2/2016, Every day, AM Peak",1435,1126,1827
"17","0 Khanna Market Road, Aliganj, Lodi Colony, New Delhi","282","Velodrome Road, Gandhi Smriti, Raj Ghat, New Delhi","9/2/2016 - 9/2/2016, Every day, AM Peak",1226,828,1815