"Origin Movement ID","Origin Display Name","Destination Movement ID","Destination Display Name","Date Range","Mean Travel Time (Seconds)","Range - Lower Bound Travel Time (Seconds)","Range - Upper Bound Travel Time (Seconds)"
"24","268, Block B2, Shiv Nagar, Janakpuri, New Delhi","1","300 Ring Road, Block CB, Naraina Village, Naraina, New Delhi","11/3/2016 - 11/3/2016, Every day, AM Peak",1904,1382,2623
"24","268, Block B2, Shiv Nagar, Janakpuri, New Delhi","2","Unnamed Road, Delhi Cantonment, New Delhi","11/3/2016 - 11/3/2016, Every day, AM Peak",1166,742,1830
"24","268, Block B2, Shiv Nagar, Janakpuri, New Delhi","3","Unnamed Road, Mahipalpur, New Delhi","11/3/2016 - 11/3/2016, Every day, AM Peak",2503,1968,3182
"24","268, Block B2, Shiv Nagar, Janakpuri, New Delhi","4","P-268/3, Rock View, Delhi Cantonment, Delhi","11/3/2016 - 11/3/2016, Every day, AM Peak",2137,1720,2654
"24","268, Block B2, Shiv Nagar, Janakpuri, New Delhi","5","Old Palam Road, Delhi Cantonment, New Delhi","11/3/2016 - 11/3/2016, Every day, AM Peak",2004,1504,2669
"24","268, Block B2, Shiv Nagar, Janakpuri, New Delhi","6","Unnamed Road, CVD Line, Delhi Cantonment, New Delhi","11/3/2016 - 11/3/2016, Every day, AM Peak",1092,729,1634
"24","268, Block B2, Shiv Nagar, Janakpuri, New Delhi","7","P 13, Baird Place, Delhi Cantonment, New Delhi","11/3/2016 - 11/3/2016, Every day, AM Peak",1154,846,1573
"24","268, Block B2, Shiv Nagar, Janakpuri, New Delhi","8","Mall Road, Khyber Lines, Delhi Cantonment, New Delhi","11/3/2016 - 11/3/2016, Every day, AM Peak",1862,1442,2403
"24","268, Block B2, Shiv Nagar, Janakpuri, New Delhi","9","Mahatma Jyothi Rao Phule Marg, Mahatma Jyoti Rao Phule Marg Area, New Delhi","11/3/2016 - 11/3/2016, Every day, AM Peak",3306,2561,4266
"24","268, Block B2, Shiv Nagar, Janakpuri, New Delhi","10","0 Shaheed Bhagat Singh Marg, DIZ Staff Quarters, Connaught Place, New Delhi","11/3/2016 - 11/3/2016, Every day, AM Peak",3030,2412,3805
"24","268, Block B2, Shiv Nagar, Janakpuri, New Delhi","11","Mother Teresa Crescent, Talkatora Garden, Central Ridge Reserve Forest, New Delhi","11/3/2016 - 11/3/2016, Every day, AM Peak",2221,1680,2935
"24","268, Block B2, Shiv Nagar, Janakpuri, New Delhi","12","Jantar Mantar Road, Janpath, Connaught Place, New Delhi","11/3/2016 - 11/3/2016, Every day, AM Peak",3128,2317,4221
"24","268, Block B2, Shiv Nagar, Janakpuri, New Delhi","13","10, Aurangzeb Road, New Delhi","11/3/2016 - 11/3/2016, Every day, AM Peak",2876,2285,3619
"24","268, Block B2, Shiv Nagar, Janakpuri, New Delhi","14","Mahatma Gandhi Road, Kidwai Nagar West, Kidwai Nagar, New Delhi","11/3/2016 - 11/3/2016, Every day, AM Peak",2709,2243,3271
"24","268, Block B2, Shiv Nagar, Janakpuri, New Delhi","16","Andre Malraux Marg, Ramnagar, Chanakyapuri, New Delhi","11/3/2016 - 11/3/2016, Every day, AM Peak",2290,1821,2879
"24","268, Block B2, Shiv Nagar, Janakpuri, New Delhi","17","0 Khanna Market Road, Aliganj, Lodi Colony, New Delhi","11/3/2016 - 11/3/2016, Every day, AM Peak",2935,2525,3410
"24","268, Block B2, Shiv Nagar, Janakpuri, New Delhi","19","Mirdard Road, 64 Khamba, Maulana Azad Medical College Campus, New Delhi","11/3/2016 - 11/3/2016, Every day, AM Peak",3316,2498,4401
"24","268, Block B2, Shiv Nagar, Janakpuri, New Delhi","26","A3-214, Asalatpur Village, Janakpuri, Delhi","11/3/2016 - 11/3/2016, Every day, AM Peak",207,61,693
"24","268, Block B2, Shiv Nagar, Janakpuri, New Delhi","27","0 Ram Mandir Marg, C5B Block, Janakpuri, New Delhi","11/3/2016 - 11/3/2016, Every day, AM Peak",277,148,517
"24","268, Block B2, Shiv Nagar, Janakpuri, New Delhi","28","nullSchool Road, Block M, Uttam Nagar, Delhi","11/3/2016 - 11/3/2016, Every day, AM Peak",877,451,1703
"24","268, Block B2, Shiv Nagar, Janakpuri, New Delhi","29","Street Number 14, Block C, Sitapuri Part 1, Janakpuri, New Delhi","11/3/2016 - 11/3/2016, Every day, AM Peak",609,416,890
"24","268, Block B2, Shiv Nagar, Janakpuri, New Delhi","30","Unnamed Road, Asalatpur Khadar, Delhi","11/3/2016 - 11/3/2016, Every day, AM Peak",2504,2231,2809
"24","268, Block B2, Shiv Nagar, Janakpuri, New Delhi","31","Main Jhatikra Road, Paprawat, Delhi","11/3/2016 - 11/3/2016, Every day, AM Peak",1707,1383,2106
"24","268, Block B2, Shiv Nagar, Janakpuri, New Delhi","32","METRO MALL, Pocket 1, Sector 14 Dwarka, Dwarka, New Delhi","11/3/2016 - 11/3/2016, Every day, AM Peak",1506,1238,1831
"24","268, Block B2, Shiv Nagar, Janakpuri, New Delhi","61","Unnamed Road, National Zoological Park, Sundar Nagar, New Delhi","11/3/2016 - 11/3/2016, Every day, AM Peak",3663,2725,4922
"24","268, Block B2, Shiv Nagar, Janakpuri, New Delhi","62","D/116, Jeewan Nagar, Sunlight Colony, New Delhi","11/3/2016 - 11/3/2016, Every day, AM Peak",3373,2849,3993
"24","268, Block B2, Shiv Nagar, Janakpuri, New Delhi","63","Jawaharlal Nehru Stadium Marg, CGO Complex, Pragati Vihar, New Delhi","11/3/2016 - 11/3/2016, Every day, AM Peak",3629,3262,4036
"24","268, Block B2, Shiv Nagar, Janakpuri, New Delhi","64","6/37, Vikram Vihar, Lajpat Nagar IV, Lajpat Nagar, New Delhi","11/3/2016 - 11/3/2016, Every day, AM Peak",3184,2645,3832
"24","268, Block B2, Shiv Nagar, Janakpuri, New Delhi","65","Shaheed Jeet Singh Marg, NCERT Campus, Qutab Institutional Area, New Delhi","11/3/2016 - 11/3/2016, Every day, AM Peak",3304,2658,4106
"24","268, Block B2, Shiv Nagar, Janakpuri, New Delhi","67","63/33, Hudco Place, Andrews Ganj Extension, Andrews Ganj, New Delhi","11/3/2016 - 11/3/2016, Every day, AM Peak",3123,2560,3809
"24","268, Block B2, Shiv Nagar, Janakpuri, New Delhi","68","0 Paschimi Marg, Block E, Vasant Vihar, New Delhi","11/3/2016 - 11/3/2016, Every day, AM Peak",3298,2795,3890
"24","268, Block B2, Shiv Nagar, Janakpuri, New Delhi","69","1129, Sector 2 R K Puram, Sector 2, RK Puram, New Delhi","11/3/2016 - 11/3/2016, Every day, AM Peak",3078,2438,3884
"24","268, Block B2, Shiv Nagar, Janakpuri, New Delhi","70","G288, Sector 3, Block G, Nanak Pura, South Moti Bagh, New Delhi","11/3/2016 - 11/3/2016, Every day, AM Peak",2393,1822,3142
"24","268, Block B2, Shiv Nagar, Janakpuri, New Delhi","71","JNU Ring Road, Jawaharlal Nehru University, New Delhi","11/3/2016 - 11/3/2016, Every day, AM Peak",3244,2761,3810
"24","268, Block B2, Shiv Nagar, Janakpuri, New Delhi","76","124, SPG Quarters, Sector 4, Pushp Vihar, New Delhi","11/3/2016 - 11/3/2016, Every day, AM Peak",3874,3185,4710
"24","268, Block B2, Shiv Nagar, Janakpuri, New Delhi","80","E-492, Block E, Greater Kailash II, Greater Kailash, New Delhi","11/3/2016 - 11/3/2016, Every day, AM Peak",3710,3025,4548
"24","268, Block B2, Shiv Nagar, Janakpuri, New Delhi","81","126, Block L 1, Alaknanda, New Delhi","11/3/2016 - 11/3/2016, Every day, AM Peak",3874,3222,4656
"24","268, Block B2, Shiv Nagar, Janakpuri, New Delhi","82","286, Asian Games Village Complex, Siri Fort, New Delhi","11/3/2016 - 11/3/2016, Every day, AM Peak",3405,2798,4143
"24","268, Block B2, Shiv Nagar, Janakpuri, New Delhi","83","C2, Block C, Kailash Colony, Greater Kailash, New Delhi","11/3/2016 - 11/3/2016, Every day, AM Peak",3398,2848,4054
"24","268, Block B2, Shiv Nagar, Janakpuri, New Delhi","84","nullMathura Road, Friends Colony West, Block A, New Friends Colony, New Delhi","11/3/2016 - 11/3/2016, Every day, AM Peak",3618,3049,4291
"24","268, Block B2, Shiv Nagar, Janakpuri, New Delhi","85","Outer Ring Road, Block 13, Nehru Enclave East, Okhla Industrial Area, New Delhi","11/3/2016 - 11/3/2016, Every day, AM Peak",3705,3132,4382
"24","268, Block B2, Shiv Nagar, Janakpuri, New Delhi","90","C-86, Pocket C, Okhla Phase I, Okhla Industrial Area, New Delhi","11/3/2016 - 11/3/2016, Every day, AM Peak",4518,4192,4869
"24","268, Block B2, Shiv Nagar, Janakpuri, New Delhi","91","nullTum Road, Sanjay Colony II, Sanjay Colony, Okhla Phase II, Okhla Industrial Area, New Delhi","11/3/2016 - 11/3/2016, Every day, AM Peak",4018,3513,4595
"24","268, Block B2, Shiv Nagar, Janakpuri, New Delhi","101","4900 Ramdwara Road, Chuna Mandi, Aram Bagh, Paharganj, New Delhi","11/3/2016 - 11/3/2016, Every day, AM Peak",2728,2239,3322
"24","268, Block B2, Shiv Nagar, Janakpuri, New Delhi","103","nullDasghara Road, Dasghara, New Delhi","11/3/2016 - 11/3/2016, Every day, AM Peak",2492,1672,3712
"24","268, Block B2, Shiv Nagar, Janakpuri, New Delhi","104","nullArya Samaj Marg, Block A1, Block EA, Inder Puri, New Delhi","11/3/2016 - 11/3/2016, Every day, AM Peak",2550,1844,3525
"24","268, Block B2, Shiv Nagar, Janakpuri, New Delhi","105","nullGoswami Girdhari Lal Marg, Industrial Area Phase I, Block C, Naraina Industrial Area Phase 1, Naraina, New Delhi","11/3/2016 - 11/3/2016, Every day, AM Peak",1917,1377,2667
"24","268, Block B2, Shiv Nagar, Janakpuri, New Delhi","108","Unnamed Road, Block G, Bhim Basti, Jaunapur, New Delhi","11/3/2016 - 11/3/2016, Every day, AM Peak",4156,3346,5161
"24","268, Block B2, Shiv Nagar, Janakpuri, New Delhi","111","61 TO 80, Pocket J, Sarita Vihar, New Delhi","11/3/2016 - 11/3/2016, Every day, AM Peak",4200,3729,4729
"24","268, Block B2, Shiv Nagar, Janakpuri, New Delhi","121","22/55, West Punjabi Bagh, Punjabi Bagh, Delhi","11/3/2016 - 11/3/2016, Every day, AM Peak",1406,931,2121
"24","268, Block B2, Shiv Nagar, Janakpuri, New Delhi","122","2600 Mandir Wali Gali, Ranjeet Nagar, Shadipur, Delhi","11/3/2016 - 11/3/2016, Every day, AM Peak",2214,1314,3729
"24","268, Block B2, Shiv Nagar, Janakpuri, New Delhi","123","Loknath Marg, Block M, Kirti Nagar, New Delhi","11/3/2016 - 11/3/2016, Every day, AM Peak",1353,922,1984
"24","268, Block B2, Shiv Nagar, Janakpuri, New Delhi","124","30, 31, Block B, Mansarover Garden, New Delhi","11/3/2016 - 11/3/2016, Every day, AM Peak",1413,869,2297
"24","268, Block B2, Shiv Nagar, Janakpuri, New Delhi","129","Gali Number 8, Anand Parbat, New Delhi","11/3/2016 - 11/3/2016, Every day, AM Peak",1788,1379,2316
"24","268, Block B2, Shiv Nagar, Janakpuri, New Delhi","130","Bhagat Singh Marg, Kashmiri Bagh, Chandra Shekhar Azad Colony, Sarai Rohilla, New Delhi","11/3/2016 - 11/3/2016, Every day, AM Peak",2106,1653,2682
"24","268, Block B2, Shiv Nagar, Janakpuri, New Delhi","131","4400 Gali Bahuji, Pahari Dhiraj, Sadar Bazaar, Delhi","11/3/2016 - 11/3/2016, Every day, AM Peak",2468,2020,3014
"24","268, Block B2, Shiv Nagar, Janakpuri, New Delhi","132","1600 Lothian Road, Chabi Ganj, Kashmere Gate, New Delhi","11/3/2016 - 11/3/2016, Every day, AM Peak",2712,2305,3189
"24","268, Block B2, Shiv Nagar, Janakpuri, New Delhi","133","0 Raj Niwas Marg, Ludlow Castle, Civil Lines, Delhi","11/3/2016 - 11/3/2016, Every day, AM Peak",2556,2048,3189
"24","268, Block B2, Shiv Nagar, Janakpuri, New Delhi","135","0 Uggarsen Market Road, Meenakshi Garden, Ashok Nagar, Delhi","11/3/2016 - 11/3/2016, Every day, AM Peak",266,116,608
"24","268, Block B2, Shiv Nagar, Janakpuri, New Delhi","136","nullKeshopur Road, New Chaukhandi, Paschim Vihar, Delhi","11/3/2016 - 11/3/2016, Every day, AM Peak",475,310,725
"24","268, Block B2, Shiv Nagar, Janakpuri, New Delhi","137","nullRoad Number 235, Block H, Vikaspuri, Delhi","11/3/2016 - 11/3/2016, Every day, AM Peak",421,287,615
"24","268, Block B2, Shiv Nagar, Janakpuri, New Delhi","139","nullBudh Bazar Road, Nawada, Nawada Majra Village, Nawada, Delhi","11/3/2016 - 11/3/2016, Every day, AM Peak",957,820,1116
"24","268, Block B2, Shiv Nagar, Janakpuri, New Delhi","140","A12/B, Sainik Nagar, Mansa Ram Park, Uttam Nagar, Delhi","11/3/2016 - 11/3/2016, Every day, AM Peak",1013,884,1160
"24","268, Block B2, Shiv Nagar, Janakpuri, New Delhi","142","Gali Number 1, Dabri Village, Dabri, New Delhi","11/3/2016 - 11/3/2016, Every day, AM Peak",584,359,948
"24","268, Block B2, Shiv Nagar, Janakpuri, New Delhi","143","nullRoad Number 221, Pocket 1, Sector 10 Dwarka, Dwarka, Delhi","11/3/2016 - 11/3/2016, Every day, AM Peak",1331,1038,1705
"24","268, Block B2, Shiv Nagar, Janakpuri, New Delhi","146","nullKotla Road, Pocket F2, Pocket 1, Sector 11F, Rohini, Delhi","11/3/2016 - 11/3/2016, Every day, AM Peak",2255,1775,2864
"24","268, Block B2, Shiv Nagar, Janakpuri, New Delhi","148","Unnamed Road, Patparganj, New Delhi","11/3/2016 - 11/3/2016, Every day, AM Peak",4308,3242,5723
"24","268, Block B2, Shiv Nagar, Janakpuri, New Delhi","154","nullGali Number 6, Block B, Block D, Vinod Nagar North, Delhi","11/3/2016 - 11/3/2016, Every day, AM Peak",4336,3521,5338
"24","268, Block B2, Shiv Nagar, Janakpuri, New Delhi","155","Maharaja Agaersen Road, Block D, Pocket D, Phase 1, Ashok Vihar, Delhi","11/3/2016 - 11/3/2016, Every day, AM Peak",2348,1592,3462
"24","268, Block B2, Shiv Nagar, Janakpuri, New Delhi","156","Doctor Satpal Sachdeva Marg, Keshav Puram, Tri Nagar, Delhi","11/3/2016 - 11/3/2016, Every day, AM Peak",1940,1404,2678
"24","268, Block B2, Shiv Nagar, Janakpuri, New Delhi","159","300 Maharishi Balmiki Mandir Marg, Block H, Shakurpur Colony, Pitampura, Delhi","11/3/2016 - 11/3/2016, Every day, AM Peak",1868,1326,2630
"24","268, Block B2, Shiv Nagar, Janakpuri, New Delhi","160","23, Shiva Enclave, Pitampura, Delhi","11/3/2016 - 11/3/2016, Every day, AM Peak",1217,899,1646
"24","268, Block B2, Shiv Nagar, Janakpuri, New Delhi","161","nullLawrence Road, Rampura Industrial Area, Tri Nagar, Delhi","11/3/2016 - 11/3/2016, Every day, AM Peak",1617,1127,2319
"24","268, Block B2, Shiv Nagar, Janakpuri, New Delhi","163","0 Guru Harkishan Marg, Maulana Azad Society, Bhagwan Buddha Housing Corporation Society, Pitampura, Delhi","11/3/2016 - 11/3/2016, Every day, AM Peak",974,710,1334
"24","268, Block B2, Shiv Nagar, Janakpuri, New Delhi","164","Shakurbasti Pedestrian Foot Over Bridge, Shakur Basti Railway Colony, Railway Colony South, Pitampura, Delhi","11/3/2016 - 11/3/2016, Every day, AM Peak",1542,1048,2266
"24","268, Block B2, Shiv Nagar, Janakpuri, New Delhi","165","31, Cottage Enclave, Paschim Vihar, Delhi","11/3/2016 - 11/3/2016, Every day, AM Peak",761,544,1063
"24","268, Block B2, Shiv Nagar, Janakpuri, New Delhi","166","nullRBI Enclave Road, Ankur Enclave, Paschim Vihar, Delhi","11/3/2016 - 11/3/2016, Every day, AM Peak",617,428,887
"24","268, Block B2, Shiv Nagar, Janakpuri, New Delhi","167","nullShaheed Udham Singh Marg, AE Block, Poorbi Shalimar Bag, Shalimar Bagh, Delhi","11/3/2016 - 11/3/2016, Every day, AM Peak",2305,1571,3381
"24","268, Block B2, Shiv Nagar, Janakpuri, New Delhi","169","G-9, Block F 1U, Ranikhet, Pitampura, Delhi","11/3/2016 - 11/3/2016, Every day, AM Peak",1432,1086,1887
"24","268, Block B2, Shiv Nagar, Janakpuri, New Delhi","170","nullColony Road, Block QP, Poorvi Pitampura, Pitampura, Delhi","11/3/2016 - 11/3/2016, Every day, AM Peak",1591,1102,2295
"24","268, Block B2, Shiv Nagar, Janakpuri, New Delhi","171","nullG Block Road, Pocket 21, Sector 7G, Rohini, Delhi","11/3/2016 - 11/3/2016, Every day, AM Peak",1469,1067,2020
"24","268, Block B2, Shiv Nagar, Janakpuri, New Delhi","172","nullShiva Road, Pocket 14, Sector 8D, Rohini, Delhi","11/3/2016 - 11/3/2016, Every day, AM Peak",1280,924,1771
"24","268, Block B2, Shiv Nagar, Janakpuri, New Delhi","173","Unnamed Road, Swarn Jayanti Park, Sector 10, Rohini, Delhi","11/3/2016 - 11/3/2016, Every day, AM Peak",1947,1426,2657
"24","268, Block B2, Shiv Nagar, Janakpuri, New Delhi","175","235, Block E, Block E, Mangolpuri, Delhi","11/3/2016 - 11/3/2016, Every day, AM Peak",852,622,1165
"24","268, Block B2, Shiv Nagar, Janakpuri, New Delhi","176","B7-187, Pocket 7, Sector 3B, Rohini, Delhi","11/3/2016 - 11/3/2016, Every day, AM Peak",1017,764,1352
"24","268, Block B2, Shiv Nagar, Janakpuri, New Delhi","179","0 AB Road, Block RR, Mianwali Nagar, Paschim Vihar, Delhi","11/3/2016 - 11/3/2016, Every day, AM Peak",870,600,1260
"24","268, Block B2, Shiv Nagar, Janakpuri, New Delhi","180","GH-14/234, GH 14, Block GH 14, Paschim Vihar, Delhi","11/3/2016 - 11/3/2016, Every day, AM Peak",811,583,1126
"24","268, Block B2, Shiv Nagar, Janakpuri, New Delhi","187","60, Vijay Vihar Phase II, Pocket C, Sector 1, Rohini, Delhi","11/3/2016 - 11/3/2016, Every day, AM Peak",1376,1104,1714
"24","268, Block B2, Shiv Nagar, Janakpuri, New Delhi","191","0 Hasanpur, I.P.Extension, Patparganj, Delhi","11/3/2016 - 11/3/2016, Every day, AM Peak",4618,3706,5753
"24","268, Block B2, Shiv Nagar, Janakpuri, New Delhi","193","Unnamed Road, Usmanpur, Shahdara, Delhi","11/3/2016 - 11/3/2016, Every day, AM Peak",3773,2954,4817
"24","268, Block B2, Shiv Nagar, Janakpuri, New Delhi","196","nullSir Chotu Ram Marg, Pocket 4, Sector 6C, Rohini, Delhi","11/3/2016 - 11/3/2016, Every day, AM Peak",1460,1165,1829
"24","268, Block B2, Shiv Nagar, Janakpuri, New Delhi","199","0 Shivaji Marg, New Moti Nagar, Najafgarh Road Industrial Area, Delhi","11/3/2016 - 11/3/2016, Every day, AM Peak",1538,1142,2070
"24","268, Block B2, Shiv Nagar, Janakpuri, New Delhi","200","Dabri - Gurgaon Road, Pocket 2, Sector 1 Dwarka, Dwarka, New Delhi","11/3/2016 - 11/3/2016, Every day, AM Peak",899,673,1200
"24","268, Block B2, Shiv Nagar, Janakpuri, New Delhi","204","0 East Patel Nagar Road, Block 10A, East Patel Nagar, Patel Nagar, New Delhi","11/3/2016 - 11/3/2016, Every day, AM Peak",2058,1489,2843
"24","268, Block B2, Shiv Nagar, Janakpuri, New Delhi","205","2100 Gali Number 14, Block B, Prem Nagar, Patel Nagar, New Delhi","11/3/2016 - 11/3/2016, Every day, AM Peak",1577,1139,2182
"24","268, Block B2, Shiv Nagar, Janakpuri, New Delhi","208","Desh Bandhu Gupta Road, Block E, Jhandewalan Extension, Jhandewalan, New Delhi","11/3/2016 - 11/3/2016, Every day, AM Peak",2388,2004,2844
"24","268, Block B2, Shiv Nagar, Janakpuri, New Delhi","212","Bawana Road, Sector 30, Rohini, Delhi","11/3/2016 - 11/3/2016, Every day, AM Peak",2282,1902,2737
"24","268, Block B2, Shiv Nagar, Janakpuri, New Delhi","214","Doctor Bhim Rao Ambedkar Marg, Block H, Malka Ganj, Delhi","11/3/2016 - 11/3/2016, Every day, AM Peak",2538,1829,3520
"24","268, Block B2, Shiv Nagar, Janakpuri, New Delhi","219","461, Block AG, Sanjay Gandhi Transport Nagar, Delhi","11/3/2016 - 11/3/2016, Every day, AM Peak",1422,1116,1810
"24","268, Block B2, Shiv Nagar, Janakpuri, New Delhi","222","Sector E, Mahipalpur Village, Vasant Kunj, New Delhi","11/3/2016 - 11/3/2016, Every day, AM Peak",2887,2382,3499
"24","268, Block B2, Shiv Nagar, Janakpuri, New Delhi","223","Urban Extension Road II, Indira Gandhi International Airport, New Delhi","11/3/2016 - 11/3/2016, Every day, AM Peak",2965,2270,3872
"24","268, Block B2, Shiv Nagar, Janakpuri, New Delhi","224","Main Road, Bharthal, Sector 27 Dwarka, Bharthal, New Delhi","11/3/2016 - 11/3/2016, Every day, AM Peak",1968,1579,2452
"24","268, Block B2, Shiv Nagar, Janakpuri, New Delhi","228","0 Lucknow Road, Banarsi Das Estate, Timarpur, Delhi","11/3/2016 - 11/3/2016, Every day, AM Peak",2112,1188,3752
"24","268, Block B2, Shiv Nagar, Janakpuri, New Delhi","229","200 Road Number 28, Nehru Nagar, Shivaji Place, Basai Dara pur, Tagore Garden Extension, New Delhi","11/3/2016 - 11/3/2016, Every day, AM Peak",969,625,1500
"24","268, Block B2, Shiv Nagar, Janakpuri, New Delhi","231","G-17/6, Block G, Rajouri Garden, New Delhi","11/3/2016 - 11/3/2016, Every day, AM Peak",691,398,1196
"24","268, Block B2, Shiv Nagar, Janakpuri, New Delhi","232","4-3, Mayapuri Industrial Area Phase II, Mayapuri, New Delhi","11/3/2016 - 11/3/2016, Every day, AM Peak",474,221,1013
"24","268, Block B2, Shiv Nagar, Janakpuri, New Delhi","233","nullSatguru Ram Singh Marg, Block B, Mayapuri Industrial Area Phase I, Mayapuri, New Delhi","11/3/2016 - 11/3/2016, Every day, AM Peak",601,182,1978
"24","268, Block B2, Shiv Nagar, Janakpuri, New Delhi","234","113, Press Colony, Press Colony, Mayapuri, New Delhi","11/3/2016 - 11/3/2016, Every day, AM Peak",822,329,2052
"24","268, Block B2, Shiv Nagar, Janakpuri, New Delhi","235","nullBharat Vihar Road, Block G, Raja Puri, Matiala, Delhi","11/3/2016 - 11/3/2016, Every day, AM Peak",1205,916,1584
"24","268, Block B2, Shiv Nagar, Janakpuri, New Delhi","240","37, Sector 15, Pocket 6, Sector 15B, Rohini, Delhi","11/3/2016 - 11/3/2016, Every day, AM Peak",1706,1188,2448
"24","268, Block B2, Shiv Nagar, Janakpuri, New Delhi","244","Dhingra Park Trail, Punjabi Bagh Cooperative Housing Soceity, East Punjabi Bagh, Punjabi Bagh, Delhi","11/3/2016 - 11/3/2016, Every day, AM Peak",1505,1048,2159
"24","268, Block B2, Shiv Nagar, Janakpuri, New Delhi","245","N-1/17, Block M, Mangolpuri, Delhi","11/3/2016 - 11/3/2016, Every day, AM Peak",1013,838,1224
"24","268, Block B2, Shiv Nagar, Janakpuri, New Delhi","246","nullShiv Mandir Marg, Block G, Lajpat Nagar I, Lajpat Nagar, New Delhi","11/3/2016 - 11/3/2016, Every day, AM Peak",3291,2798,3870
"24","268, Block B2, Shiv Nagar, Janakpuri, New Delhi","247","9/2082, Pocket 2, Block RZ, Palam Colony, New Delhi","11/3/2016 - 11/3/2016, Every day, AM Peak",1287,1009,1640
"24","268, Block B2, Shiv Nagar, Janakpuri, New Delhi","248","Unnamed Road, Harijan Basti, Rajokri, New Delhi","11/3/2016 - 11/3/2016, Every day, AM Peak",3256,2719,3898
"24","268, Block B2, Shiv Nagar, Janakpuri, New Delhi","251","A25, Block R, Pocket A, Rajender Nagar Part 1, New Rajinder Nagar, New Delhi","11/3/2016 - 11/3/2016, Every day, AM Peak",2829,1965,4072
"24","268, Block B2, Shiv Nagar, Janakpuri, New Delhi","252","813, Sector 1, RK Puram, New Delhi","11/3/2016 - 11/3/2016, Every day, AM Peak",2508,1989,3161
"24","268, Block B2, Shiv Nagar, Janakpuri, New Delhi","253","0 Chaudhary Harsukh Marg, B6, Block B6, Humayunpur, Safdarjung Enclave, New Delhi","11/3/2016 - 11/3/2016, Every day, AM Peak",2903,2297,3668
"24","268, Block B2, Shiv Nagar, Janakpuri, New Delhi","254","Squadron Leader Mohinder Kumar Jain Marg, Block B, New Delhi","11/3/2016 - 11/3/2016, Every day, AM Peak",3354,2695,4172
"24","268, Block B2, Shiv Nagar, Janakpuri, New Delhi","255","1700 Uday Chand Marg, Arya Basti, Zafar Nagar, Kotla Mubarakpur, South Extension I, New Delhi","11/3/2016 - 11/3/2016, Every day, AM Peak",2948,2447,3551
"24","268, Block B2, Shiv Nagar, Janakpuri, New Delhi","256","D-70, Mahavir Enclave I, Mahavir Enclave Part 2, Mahavir Enclave, New Delhi","11/3/2016 - 11/3/2016, Every day, AM Peak",741,521,1052
"24","268, Block B2, Shiv Nagar, Janakpuri, New Delhi","258","Sant Sujan Singh Marg, JJ Colony, Block N, Tagore Garden, Tagore Garden Extension, New Delhi","11/3/2016 - 11/3/2016, Every day, AM Peak",383,242,605
"24","268, Block B2, Shiv Nagar, Janakpuri, New Delhi","259","Jogging Lane, Pocket B-C, Sector-A, Vasant Kunj, New Delhi","11/3/2016 - 11/3/2016, Every day, AM Peak",3808,3120,4646
"24","268, Block B2, Shiv Nagar, Janakpuri, New Delhi","263","200 Pirwali Gali, Block P, Block P, Patparganj, New Delhi","11/3/2016 - 11/3/2016, Every day, AM Peak",4933,3594,6770
"24","268, Block B2, Shiv Nagar, Janakpuri, New Delhi","264","Noida Link Road, Nehru Enclave, Shakarpur Khas, New Delhi","11/3/2016 - 11/3/2016, Every day, AM Peak",3928,3357,4595
"24","268, Block B2, Shiv Nagar, Janakpuri, New Delhi","275","125/16, Jogabai Extension, Zakir Nagar, Okhla, New Delhi","11/3/2016 - 11/3/2016, Every day, AM Peak",3628,3076,4277
"24","268, Block B2, Shiv Nagar, Janakpuri, New Delhi","279","Nightingale Road, Budella, Vikaspuri, Delhi","11/3/2016 - 11/3/2016, Every day, AM Peak",376,229,614
"24","268, Block B2, Shiv Nagar, Janakpuri, New Delhi","280","nullHastsal Road, Block A2, JJ Colony, Uttam Nagar, Delhi","11/3/2016 - 11/3/2016, Every day, AM Peak",574,416,790
"24","268, Block B2, Shiv Nagar, Janakpuri, New Delhi","281","D915, New Mahavir Nagar, Tilak Nagar, Delhi","11/3/2016 - 11/3/2016, Every day, AM Peak",262,117,583
"24","268, Block B2, Shiv Nagar, Janakpuri, New Delhi","283","nullVijay Marg, Block B, Baljit Nagar, Patel Nagar, New Delhi","11/3/2016 - 11/3/2016, Every day, AM Peak",1535,1092,2157
"24","268, Block B2, Shiv Nagar, Janakpuri, New Delhi","287","L47, Block L, Shastri Nagar, Delhi","11/3/2016 - 11/3/2016, Every day, AM Peak",1675,1073,2612