"Origin Movement ID","Origin Display Name","Destination Movement ID","Destination Display Name","Date Range","Mean Travel Time (Seconds)","Range - Lower Bound Travel Time (Seconds)","Range - Upper Bound Travel Time (Seconds)"
"169","G-9, Block F 1U, Ranikhet, Pitampura, Delhi","1","300 Ring Road, Block CB, Naraina Village, Naraina, New Delhi","11/3/2016 - 11/3/2016, Every day, AM Peak",2390,1926,2965
"169","G-9, Block F 1U, Ranikhet, Pitampura, Delhi","2","Unnamed Road, Delhi Cantonment, New Delhi","11/3/2016 - 11/3/2016, Every day, AM Peak",2523,2051,3103
"169","G-9, Block F 1U, Ranikhet, Pitampura, Delhi","3","Unnamed Road, Mahipalpur, New Delhi","11/3/2016 - 11/3/2016, Every day, AM Peak",3398,2197,5254
"169","G-9, Block F 1U, Ranikhet, Pitampura, Delhi","4","P-268/3, Rock View, Delhi Cantonment, Delhi","11/3/2016 - 11/3/2016, Every day, AM Peak",3528,2892,4303
"169","G-9, Block F 1U, Ranikhet, Pitampura, Delhi","5","Old Palam Road, Delhi Cantonment, New Delhi","11/3/2016 - 11/3/2016, Every day, AM Peak",3556,2890,4375
"169","G-9, Block F 1U, Ranikhet, Pitampura, Delhi","8","Mall Road, Khyber Lines, Delhi Cantonment, New Delhi","11/3/2016 - 11/3/2016, Every day, AM Peak",2800,2310,3393
"169","G-9, Block F 1U, Ranikhet, Pitampura, Delhi","9","Mahatma Jyothi Rao Phule Marg, Mahatma Jyoti Rao Phule Marg Area, New Delhi","11/3/2016 - 11/3/2016, Every day, AM Peak",2933,2556,3364
"169","G-9, Block F 1U, Ranikhet, Pitampura, Delhi","10","0 Shaheed Bhagat Singh Marg, DIZ Staff Quarters, Connaught Place, New Delhi","11/3/2016 - 11/3/2016, Every day, AM Peak",2768,2364,3239
"169","G-9, Block F 1U, Ranikhet, Pitampura, Delhi","11","Mother Teresa Crescent, Talkatora Garden, Central Ridge Reserve Forest, New Delhi","11/3/2016 - 11/3/2016, Every day, AM Peak",2752,2233,3390
"169","G-9, Block F 1U, Ranikhet, Pitampura, Delhi","12","Jantar Mantar Road, Janpath, Connaught Place, New Delhi","11/3/2016 - 11/3/2016, Every day, AM Peak",2971,2560,3447
"169","G-9, Block F 1U, Ranikhet, Pitampura, Delhi","13","10, Aurangzeb Road, New Delhi","11/3/2016 - 11/3/2016, Every day, AM Peak",2764,2296,3326
"169","G-9, Block F 1U, Ranikhet, Pitampura, Delhi","14","Mahatma Gandhi Road, Kidwai Nagar West, Kidwai Nagar, New Delhi","11/3/2016 - 11/3/2016, Every day, AM Peak",3363,2990,3782
"169","G-9, Block F 1U, Ranikhet, Pitampura, Delhi","16","Andre Malraux Marg, Ramnagar, Chanakyapuri, New Delhi","11/3/2016 - 11/3/2016, Every day, AM Peak",2914,2387,3556
"169","G-9, Block F 1U, Ranikhet, Pitampura, Delhi","18","Unnamed Road, Lal Qila, Chandni Chowk, New Delhi","11/3/2016 - 11/3/2016, Every day, AM Peak",1886,1490,2386
"169","G-9, Block F 1U, Ranikhet, Pitampura, Delhi","19","Mirdard Road, 64 Khamba, Maulana Azad Medical College Campus, New Delhi","11/3/2016 - 11/3/2016, Every day, AM Peak",2667,2179,3263
"169","G-9, Block F 1U, Ranikhet, Pitampura, Delhi","24","268, Block B2, Shiv Nagar, Janakpuri, New Delhi","11/3/2016 - 11/3/2016, Every day, AM Peak",1337,925,1932
"169","G-9, Block F 1U, Ranikhet, Pitampura, Delhi","25","nullNehru Vihar Road, B Block, A Block, Nehru Vihar, Mukherjee Nagar, Delhi","11/3/2016 - 11/3/2016, Every day, AM Peak",825,609,1115
"169","G-9, Block F 1U, Ranikhet, Pitampura, Delhi","26","A3-214, Asalatpur Village, Janakpuri, Delhi","11/3/2016 - 11/3/2016, Every day, AM Peak",1306,943,1808
"169","G-9, Block F 1U, Ranikhet, Pitampura, Delhi","27","0 Ram Mandir Marg, C5B Block, Janakpuri, New Delhi","11/3/2016 - 11/3/2016, Every day, AM Peak",1567,1161,2113
"169","G-9, Block F 1U, Ranikhet, Pitampura, Delhi","28","nullSchool Road, Block M, Uttam Nagar, Delhi","11/3/2016 - 11/3/2016, Every day, AM Peak",1635,1183,2259
"169","G-9, Block F 1U, Ranikhet, Pitampura, Delhi","29","Street Number 14, Block C, Sitapuri Part 1, Janakpuri, New Delhi","11/3/2016 - 11/3/2016, Every day, AM Peak",1674,1377,2034
"169","G-9, Block F 1U, Ranikhet, Pitampura, Delhi","32","METRO MALL, Pocket 1, Sector 14 Dwarka, Dwarka, New Delhi","11/3/2016 - 11/3/2016, Every day, AM Peak",2430,2081,2836
"169","G-9, Block F 1U, Ranikhet, Pitampura, Delhi","34","5/3, East Nathu Colony, GTB Enclave, Dilshad Garden, Delhi","11/3/2016 - 11/3/2016, Every day, AM Peak",2315,1773,3021
"169","G-9, Block F 1U, Ranikhet, Pitampura, Delhi","40","Gali Saini Tent, Ram Nagar, Shahdara, Delhi","11/3/2016 - 11/3/2016, Every day, AM Peak",2219,1638,3005
"169","G-9, Block F 1U, Ranikhet, Pitampura, Delhi","41","Lala Raghubar Dayal Marg, Phase 4, Block B, Subhash Park, Shahdara, Delhi","11/3/2016 - 11/3/2016, Every day, AM Peak",2144,1569,2928
"169","G-9, Block F 1U, Ranikhet, Pitampura, Delhi","43","A537, New Seelampur Phase II, New Seelampur, Shahdara, Delhi","11/3/2016 - 11/3/2016, Every day, AM Peak",1997,1468,2715
"169","G-9, Block F 1U, Ranikhet, Pitampura, Delhi","61","Unnamed Road, National Zoological Park, Sundar Nagar, New Delhi","11/3/2016 - 11/3/2016, Every day, AM Peak",2554,2067,3155
"169","G-9, Block F 1U, Ranikhet, Pitampura, Delhi","62","D/116, Jeewan Nagar, Sunlight Colony, New Delhi","11/3/2016 - 11/3/2016, Every day, AM Peak",3142,2566,3846
"169","G-9, Block F 1U, Ranikhet, Pitampura, Delhi","63","Jawaharlal Nehru Stadium Marg, CGO Complex, Pragati Vihar, New Delhi","11/3/2016 - 11/3/2016, Every day, AM Peak",2882,2286,3632
"169","G-9, Block F 1U, Ranikhet, Pitampura, Delhi","64","6/37, Vikram Vihar, Lajpat Nagar IV, Lajpat Nagar, New Delhi","11/3/2016 - 11/3/2016, Every day, AM Peak",3116,2564,3786
"169","G-9, Block F 1U, Ranikhet, Pitampura, Delhi","67","63/33, Hudco Place, Andrews Ganj Extension, Andrews Ganj, New Delhi","11/3/2016 - 11/3/2016, Every day, AM Peak",3097,2479,3867
"169","G-9, Block F 1U, Ranikhet, Pitampura, Delhi","70","G288, Sector 3, Block G, Nanak Pura, South Moti Bagh, New Delhi","11/3/2016 - 11/3/2016, Every day, AM Peak",2990,2340,3820
"169","G-9, Block F 1U, Ranikhet, Pitampura, Delhi","82","286, Asian Games Village Complex, Siri Fort, New Delhi","11/3/2016 - 11/3/2016, Every day, AM Peak",4308,2797,6634
"169","G-9, Block F 1U, Ranikhet, Pitampura, Delhi","83","C2, Block C, Kailash Colony, Greater Kailash, New Delhi","11/3/2016 - 11/3/2016, Every day, AM Peak",3361,2659,4247
"169","G-9, Block F 1U, Ranikhet, Pitampura, Delhi","84","nullMathura Road, Friends Colony West, Block A, New Friends Colony, New Delhi","11/3/2016 - 11/3/2016, Every day, AM Peak",3410,2854,4074
"169","G-9, Block F 1U, Ranikhet, Pitampura, Delhi","85","Outer Ring Road, Block 13, Nehru Enclave East, Okhla Industrial Area, New Delhi","11/3/2016 - 11/3/2016, Every day, AM Peak",3639,3028,4372
"169","G-9, Block F 1U, Ranikhet, Pitampura, Delhi","90","C-86, Pocket C, Okhla Phase I, Okhla Industrial Area, New Delhi","11/3/2016 - 11/3/2016, Every day, AM Peak",4045,3466,4719
"169","G-9, Block F 1U, Ranikhet, Pitampura, Delhi","91","nullTum Road, Sanjay Colony II, Sanjay Colony, Okhla Phase II, Okhla Industrial Area, New Delhi","11/3/2016 - 11/3/2016, Every day, AM Peak",3846,3269,4524
"169","G-9, Block F 1U, Ranikhet, Pitampura, Delhi","100","Maharishi Balmiki Marg, Police Colony, Sarai Khalil, Sadar Bazaar, New Delhi","11/3/2016 - 11/3/2016, Every day, AM Peak",2173,1789,2638
"169","G-9, Block F 1U, Ranikhet, Pitampura, Delhi","101","4900 Ramdwara Road, Chuna Mandi, Aram Bagh, Paharganj, New Delhi","11/3/2016 - 11/3/2016, Every day, AM Peak",2536,2159,2977
"169","G-9, Block F 1U, Ranikhet, Pitampura, Delhi","103","nullDasghara Road, Dasghara, New Delhi","11/3/2016 - 11/3/2016, Every day, AM Peak",1917,1375,2671
"169","G-9, Block F 1U, Ranikhet, Pitampura, Delhi","104","nullArya Samaj Marg, Block A1, Block EA, Inder Puri, New Delhi","11/3/2016 - 11/3/2016, Every day, AM Peak",2003,1737,2308
"169","G-9, Block F 1U, Ranikhet, Pitampura, Delhi","105","nullGoswami Girdhari Lal Marg, Industrial Area Phase I, Block C, Naraina Industrial Area Phase 1, Naraina, New Delhi","11/3/2016 - 11/3/2016, Every day, AM Peak",2333,1861,2923
"169","G-9, Block F 1U, Ranikhet, Pitampura, Delhi","111","61 TO 80, Pocket J, Sarita Vihar, New Delhi","11/3/2016 - 11/3/2016, Every day, AM Peak",3777,3200,4457
"169","G-9, Block F 1U, Ranikhet, Pitampura, Delhi","116","9/5284, Shanti Mohalla, Seelampur, Shahdara, Delhi","11/3/2016 - 11/3/2016, Every day, AM Peak",2078,1535,2811
"169","G-9, Block F 1U, Ranikhet, Pitampura, Delhi","119","81, Zulfe Bengal, Dilshad Garden, Delhi","11/3/2016 - 11/3/2016, Every day, AM Peak",2262,1702,3006
"169","G-9, Block F 1U, Ranikhet, Pitampura, Delhi","121","22/55, West Punjabi Bagh, Punjabi Bagh, Delhi","11/3/2016 - 11/3/2016, Every day, AM Peak",1061,774,1453
"169","G-9, Block F 1U, Ranikhet, Pitampura, Delhi","122","2600 Mandir Wali Gali, Ranjeet Nagar, Shadipur, Delhi","11/3/2016 - 11/3/2016, Every day, AM Peak",1676,1260,2229
"169","G-9, Block F 1U, Ranikhet, Pitampura, Delhi","123","Loknath Marg, Block M, Kirti Nagar, New Delhi","11/3/2016 - 11/3/2016, Every day, AM Peak",1399,967,2023
"169","G-9, Block F 1U, Ranikhet, Pitampura, Delhi","124","30, 31, Block B, Mansarover Garden, New Delhi","11/3/2016 - 11/3/2016, Every day, AM Peak",1720,1357,2179
"169","G-9, Block F 1U, Ranikhet, Pitampura, Delhi","127","NDPL House, Lala Achintaram Marg, Block B, Gujranwala Town, Delhi","11/3/2016 - 11/3/2016, Every day, AM Peak",1347,1051,1725
"169","G-9, Block F 1U, Ranikhet, Pitampura, Delhi","128","0 Shakti Mandir Marg, Block 10, Shakti Nagar, Delhi","11/3/2016 - 11/3/2016, Every day, AM Peak",1423,1189,1701
"169","G-9, Block F 1U, Ranikhet, Pitampura, Delhi","129","Gali Number 8, Anand Parbat, New Delhi","11/3/2016 - 11/3/2016, Every day, AM Peak",1445,1085,1922
"169","G-9, Block F 1U, Ranikhet, Pitampura, Delhi","132","1600 Lothian Road, Chabi Ganj, Kashmere Gate, New Delhi","11/3/2016 - 11/3/2016, Every day, AM Peak",1486,1135,1944
"169","G-9, Block F 1U, Ranikhet, Pitampura, Delhi","133","0 Raj Niwas Marg, Ludlow Castle, Civil Lines, Delhi","11/3/2016 - 11/3/2016, Every day, AM Peak",1202,889,1623
"169","G-9, Block F 1U, Ranikhet, Pitampura, Delhi","136","nullKeshopur Road, New Chaukhandi, Paschim Vihar, Delhi","11/3/2016 - 11/3/2016, Every day, AM Peak",880,659,1173
"169","G-9, Block F 1U, Ranikhet, Pitampura, Delhi","137","nullRoad Number 235, Block H, Vikaspuri, Delhi","11/3/2016 - 11/3/2016, Every day, AM Peak",1005,706,1430
"169","G-9, Block F 1U, Ranikhet, Pitampura, Delhi","142","Gali Number 1, Dabri Village, Dabri, New Delhi","11/3/2016 - 11/3/2016, Every day, AM Peak",1593,1290,1966
"169","G-9, Block F 1U, Ranikhet, Pitampura, Delhi","143","nullRoad Number 221, Pocket 1, Sector 10 Dwarka, Dwarka, Delhi","11/3/2016 - 11/3/2016, Every day, AM Peak",2289,1925,2721
"169","G-9, Block F 1U, Ranikhet, Pitampura, Delhi","146","nullKotla Road, Pocket F2, Pocket 1, Sector 11F, Rohini, Delhi","11/3/2016 - 11/3/2016, Every day, AM Peak",652,522,813
"169","G-9, Block F 1U, Ranikhet, Pitampura, Delhi","148","Unnamed Road, Patparganj, New Delhi","11/3/2016 - 11/3/2016, Every day, AM Peak",2533,2106,3046
"169","G-9, Block F 1U, Ranikhet, Pitampura, Delhi","154","nullGali Number 6, Block B, Block D, Vinod Nagar North, Delhi","11/3/2016 - 11/3/2016, Every day, AM Peak",2480,1973,3116
"169","G-9, Block F 1U, Ranikhet, Pitampura, Delhi","155","Maharaja Agaersen Road, Block D, Pocket D, Phase 1, Ashok Vihar, Delhi","11/3/2016 - 11/3/2016, Every day, AM Peak",1117,742,1680
"169","G-9, Block F 1U, Ranikhet, Pitampura, Delhi","156","Doctor Satpal Sachdeva Marg, Keshav Puram, Tri Nagar, Delhi","11/3/2016 - 11/3/2016, Every day, AM Peak",739,482,1130
"169","G-9, Block F 1U, Ranikhet, Pitampura, Delhi","157","CH Devender Singh Tewatia Marg, Ashok Vihar II, Pocket B 1, Phase 3, Ashok Vihar, Delhi","11/3/2016 - 11/3/2016, Every day, AM Peak",1015,772,1333
"169","G-9, Block F 1U, Ranikhet, Pitampura, Delhi","158","484, Block E, Nimri Colony, Ashok Vihar, Delhi","11/3/2016 - 11/3/2016, Every day, AM Peak",1025,837,1253
"169","G-9, Block F 1U, Ranikhet, Pitampura, Delhi","159","300 Maharishi Balmiki Mandir Marg, Block H, Shakurpur Colony, Pitampura, Delhi","11/3/2016 - 11/3/2016, Every day, AM Peak",689,412,1150
"169","G-9, Block F 1U, Ranikhet, Pitampura, Delhi","160","23, Shiva Enclave, Pitampura, Delhi","11/3/2016 - 11/3/2016, Every day, AM Peak",364,177,748
"169","G-9, Block F 1U, Ranikhet, Pitampura, Delhi","161","nullLawrence Road, Rampura Industrial Area, Tri Nagar, Delhi","11/3/2016 - 11/3/2016, Every day, AM Peak",881,604,1283
"169","G-9, Block F 1U, Ranikhet, Pitampura, Delhi","162","2400 Pt Govind Ram Shastri Marg, Ganeshpura, Tri Nagar, Delhi","11/3/2016 - 11/3/2016, Every day, AM Peak",1004,733,1374
"169","G-9, Block F 1U, Ranikhet, Pitampura, Delhi","163","0 Guru Harkishan Marg, Maulana Azad Society, Bhagwan Buddha Housing Corporation Society, Pitampura, Delhi","11/3/2016 - 11/3/2016, Every day, AM Peak",481,275,839
"169","G-9, Block F 1U, Ranikhet, Pitampura, Delhi","164","Shakurbasti Pedestrian Foot Over Bridge, Shakur Basti Railway Colony, Railway Colony South, Pitampura, Delhi","11/3/2016 - 11/3/2016, Every day, AM Peak",873,615,1238
"169","G-9, Block F 1U, Ranikhet, Pitampura, Delhi","165","31, Cottage Enclave, Paschim Vihar, Delhi","11/3/2016 - 11/3/2016, Every day, AM Peak",733,461,1164
"169","G-9, Block F 1U, Ranikhet, Pitampura, Delhi","166","nullRBI Enclave Road, Ankur Enclave, Paschim Vihar, Delhi","11/3/2016 - 11/3/2016, Every day, AM Peak",829,544,1261
"169","G-9, Block F 1U, Ranikhet, Pitampura, Delhi","167","nullShaheed Udham Singh Marg, AE Block, Poorbi Shalimar Bag, Shalimar Bagh, Delhi","11/3/2016 - 11/3/2016, Every day, AM Peak",720,486,1066
"169","G-9, Block F 1U, Ranikhet, Pitampura, Delhi","168","nullGyan Shakti Mandir Marg, Block BA, West Shalimar Bagh, Shalimar Bagh, Delhi","11/3/2016 - 11/3/2016, Every day, AM Peak",327,121,880
"169","G-9, Block F 1U, Ranikhet, Pitampura, Delhi","170","nullColony Road, Block QP, Poorvi Pitampura, Pitampura, Delhi","11/3/2016 - 11/3/2016, Every day, AM Peak",307,145,647
"169","G-9, Block F 1U, Ranikhet, Pitampura, Delhi","171","nullG Block Road, Pocket 21, Sector 7G, Rohini, Delhi","11/3/2016 - 11/3/2016, Every day, AM Peak",637,406,999
"169","G-9, Block F 1U, Ranikhet, Pitampura, Delhi","172","nullShiva Road, Pocket 14, Sector 8D, Rohini, Delhi","11/3/2016 - 11/3/2016, Every day, AM Peak",297,100,873
"169","G-9, Block F 1U, Ranikhet, Pitampura, Delhi","173","Unnamed Road, Swarn Jayanti Park, Sector 10, Rohini, Delhi","11/3/2016 - 11/3/2016, Every day, AM Peak",387,165,907
"169","G-9, Block F 1U, Ranikhet, Pitampura, Delhi","175","235, Block E, Block E, Mangolpuri, Delhi","11/3/2016 - 11/3/2016, Every day, AM Peak",517,334,798
"169","G-9, Block F 1U, Ranikhet, Pitampura, Delhi","176","B7-187, Pocket 7, Sector 3B, Rohini, Delhi","11/3/2016 - 11/3/2016, Every day, AM Peak",617,314,1209
"169","G-9, Block F 1U, Ranikhet, Pitampura, Delhi","179","0 AB Road, Block RR, Mianwali Nagar, Paschim Vihar, Delhi","11/3/2016 - 11/3/2016, Every day, AM Peak",1228,610,2471
"169","G-9, Block F 1U, Ranikhet, Pitampura, Delhi","180","GH-14/234, GH 14, Block GH 14, Paschim Vihar, Delhi","11/3/2016 - 11/3/2016, Every day, AM Peak",1254,657,2392
"169","G-9, Block F 1U, Ranikhet, Pitampura, Delhi","188","12/188, Shastri Nagar, Geeta Colony, New Delhi","11/3/2016 - 11/3/2016, Every day, AM Peak",1864,1536,2260
"169","G-9, Block F 1U, Ranikhet, Pitampura, Delhi","189","F22, Block F, Krishna Nagar, Delhi","11/3/2016 - 11/3/2016, Every day, AM Peak",1858,1503,2296
"169","G-9, Block F 1U, Ranikhet, Pitampura, Delhi","190","F-33, Block F, Preet Vihar, Delhi","11/3/2016 - 11/3/2016, Every day, AM Peak",2594,2128,3162
"169","G-9, Block F 1U, Ranikhet, Pitampura, Delhi","191","0 Hasanpur, I.P.Extension, Patparganj, Delhi","11/3/2016 - 11/3/2016, Every day, AM Peak",2698,2232,3260
"169","G-9, Block F 1U, Ranikhet, Pitampura, Delhi","193","Unnamed Road, Usmanpur, Shahdara, Delhi","11/3/2016 - 11/3/2016, Every day, AM Peak",1838,1415,2386
"169","G-9, Block F 1U, Ranikhet, Pitampura, Delhi","196","nullSir Chotu Ram Marg, Pocket 4, Sector 6C, Rohini, Delhi","11/3/2016 - 11/3/2016, Every day, AM Peak",739,564,967
"169","G-9, Block F 1U, Ranikhet, Pitampura, Delhi","199","0 Shivaji Marg, New Moti Nagar, Najafgarh Road Industrial Area, Delhi","11/3/2016 - 11/3/2016, Every day, AM Peak",1247,910,1708
"169","G-9, Block F 1U, Ranikhet, Pitampura, Delhi","200","Dabri - Gurgaon Road, Pocket 2, Sector 1 Dwarka, Dwarka, New Delhi","11/3/2016 - 11/3/2016, Every day, AM Peak",1968,1637,2365
"169","G-9, Block F 1U, Ranikhet, Pitampura, Delhi","204","0 East Patel Nagar Road, Block 10A, East Patel Nagar, Patel Nagar, New Delhi","11/3/2016 - 11/3/2016, Every day, AM Peak",1794,1362,2361
"169","G-9, Block F 1U, Ranikhet, Pitampura, Delhi","205","2100 Gali Number 14, Block B, Prem Nagar, Patel Nagar, New Delhi","11/3/2016 - 11/3/2016, Every day, AM Peak",1522,1101,2102
"169","G-9, Block F 1U, Ranikhet, Pitampura, Delhi","207","0 Maharana Pratap Road, Block 53, Karol Bagh, New Delhi","11/3/2016 - 11/3/2016, Every day, AM Peak",1813,1426,2304
"169","G-9, Block F 1U, Ranikhet, Pitampura, Delhi","208","Desh Bandhu Gupta Road, Block E, Jhandewalan Extension, Jhandewalan, New Delhi","11/3/2016 - 11/3/2016, Every day, AM Peak",2184,1843,2586
"169","G-9, Block F 1U, Ranikhet, Pitampura, Delhi","212","Bawana Road, Sector 30, Rohini, Delhi","11/3/2016 - 11/3/2016, Every day, AM Peak",815,685,969
"169","G-9, Block F 1U, Ranikhet, Pitampura, Delhi","215","Unnamed Road, Bagiabad, Jharoda Majra Burari, Delhi","11/3/2016 - 11/3/2016, Every day, AM Peak",659,457,948
"169","G-9, Block F 1U, Ranikhet, Pitampura, Delhi","216","0 Main Canal Road, Harit Vihar, Mukandpur Part 2, Mukundpur, Delhi","11/3/2016 - 11/3/2016, Every day, AM Peak",460,329,643
"169","G-9, Block F 1U, Ranikhet, Pitampura, Delhi","218","nullTandoor Wali Gali, Swami Shraddhanand Park, Bhalswa Dairy, Jahangirpura, Delhi","11/3/2016 - 11/3/2016, Every day, AM Peak",230,145,363
"169","G-9, Block F 1U, Ranikhet, Pitampura, Delhi","219","461, Block AG, Sanjay Gandhi Transport Nagar, Delhi","11/3/2016 - 11/3/2016, Every day, AM Peak",151,61,369
"169","G-9, Block F 1U, Ranikhet, Pitampura, Delhi","221","Srinagar - Kanyakumari Highway, Bhalswa Jahangirpuri, Jahangirpuri, Delhi","11/3/2016 - 11/3/2016, Every day, AM Peak",254,109,589
"169","G-9, Block F 1U, Ranikhet, Pitampura, Delhi","222","Sector E, Mahipalpur Village, Vasant Kunj, New Delhi","11/3/2016 - 11/3/2016, Every day, AM Peak",4120,3543,4790
"169","G-9, Block F 1U, Ranikhet, Pitampura, Delhi","223","Urban Extension Road II, Indira Gandhi International Airport, New Delhi","11/3/2016 - 11/3/2016, Every day, AM Peak",4183,3512,4980
"169","G-9, Block F 1U, Ranikhet, Pitampura, Delhi","224","Main Road, Bharthal, Sector 27 Dwarka, Bharthal, New Delhi","11/3/2016 - 11/3/2016, Every day, AM Peak",2907,2481,3405
"169","G-9, Block F 1U, Ranikhet, Pitampura, Delhi","225","0 Netaji Road, A Block, Block C, Adarsh Nagar, Delhi","11/3/2016 - 11/3/2016, Every day, AM Peak",998,740,1344
"169","G-9, Block F 1U, Ranikhet, Pitampura, Delhi","226","Unnamed Road, Model Town, Delhi","11/3/2016 - 11/3/2016, Every day, AM Peak",777,490,1231
"169","G-9, Block F 1U, Ranikhet, Pitampura, Delhi","227","300 Lok Marg, Dhaka Colony, Mukherjee Nagar, Delhi","11/3/2016 - 11/3/2016, Every day, AM Peak",1678,1340,2100
"169","G-9, Block F 1U, Ranikhet, Pitampura, Delhi","228","0 Lucknow Road, Banarsi Das Estate, Timarpur, Delhi","11/3/2016 - 11/3/2016, Every day, AM Peak",1034,735,1453
"169","G-9, Block F 1U, Ranikhet, Pitampura, Delhi","229","200 Road Number 28, Nehru Nagar, Shivaji Place, Basai Dara pur, Tagore Garden Extension, New Delhi","11/3/2016 - 11/3/2016, Every day, AM Peak",1150,855,1545
"169","G-9, Block F 1U, Ranikhet, Pitampura, Delhi","231","G-17/6, Block G, Rajouri Garden, New Delhi","11/3/2016 - 11/3/2016, Every day, AM Peak",1417,1131,1775
"169","G-9, Block F 1U, Ranikhet, Pitampura, Delhi","232","4-3, Mayapuri Industrial Area Phase II, Mayapuri, New Delhi","11/3/2016 - 11/3/2016, Every day, AM Peak",2214,1536,3191
"169","G-9, Block F 1U, Ranikhet, Pitampura, Delhi","233","nullSatguru Ram Singh Marg, Block B, Mayapuri Industrial Area Phase I, Mayapuri, New Delhi","11/3/2016 - 11/3/2016, Every day, AM Peak",2180,1735,2739
"169","G-9, Block F 1U, Ranikhet, Pitampura, Delhi","234","113, Press Colony, Press Colony, Mayapuri, New Delhi","11/3/2016 - 11/3/2016, Every day, AM Peak",1819,1470,2250
"169","G-9, Block F 1U, Ranikhet, Pitampura, Delhi","240","37, Sector 15, Pocket 6, Sector 15B, Rohini, Delhi","11/3/2016 - 11/3/2016, Every day, AM Peak",164,37,722
"169","G-9, Block F 1U, Ranikhet, Pitampura, Delhi","244","Dhingra Park Trail, Punjabi Bagh Cooperative Housing Soceity, East Punjabi Bagh, Punjabi Bagh, Delhi","11/3/2016 - 11/3/2016, Every day, AM Peak",1014,716,1434
"169","G-9, Block F 1U, Ranikhet, Pitampura, Delhi","246","nullShiv Mandir Marg, Block G, Lajpat Nagar I, Lajpat Nagar, New Delhi","11/3/2016 - 11/3/2016, Every day, AM Peak",2956,2379,3672
"169","G-9, Block F 1U, Ranikhet, Pitampura, Delhi","247","9/2082, Pocket 2, Block RZ, Palam Colony, New Delhi","11/3/2016 - 11/3/2016, Every day, AM Peak",2379,1999,2830
"169","G-9, Block F 1U, Ranikhet, Pitampura, Delhi","248","Unnamed Road, Harijan Basti, Rajokri, New Delhi","11/3/2016 - 11/3/2016, Every day, AM Peak",4438,3858,5104
"169","G-9, Block F 1U, Ranikhet, Pitampura, Delhi","251","A25, Block R, Pocket A, Rajender Nagar Part 1, New Rajinder Nagar, New Delhi","11/3/2016 - 11/3/2016, Every day, AM Peak",2165,1674,2798
"169","G-9, Block F 1U, Ranikhet, Pitampura, Delhi","252","813, Sector 1, RK Puram, New Delhi","11/3/2016 - 11/3/2016, Every day, AM Peak",3658,2828,4730
"169","G-9, Block F 1U, Ranikhet, Pitampura, Delhi","253","0 Chaudhary Harsukh Marg, B6, Block B6, Humayunpur, Safdarjung Enclave, New Delhi","11/3/2016 - 11/3/2016, Every day, AM Peak",4168,3073,5653
"169","G-9, Block F 1U, Ranikhet, Pitampura, Delhi","254","Squadron Leader Mohinder Kumar Jain Marg, Block B, New Delhi","11/3/2016 - 11/3/2016, Every day, AM Peak",4270,2839,6421
"169","G-9, Block F 1U, Ranikhet, Pitampura, Delhi","255","1700 Uday Chand Marg, Arya Basti, Zafar Nagar, Kotla Mubarakpur, South Extension I, New Delhi","11/3/2016 - 11/3/2016, Every day, AM Peak",3482,2983,4064
"169","G-9, Block F 1U, Ranikhet, Pitampura, Delhi","256","D-70, Mahavir Enclave I, Mahavir Enclave Part 2, Mahavir Enclave, New Delhi","11/3/2016 - 11/3/2016, Every day, AM Peak",1833,1463,2295
"169","G-9, Block F 1U, Ranikhet, Pitampura, Delhi","259","Jogging Lane, Pocket B-C, Sector-A, Vasant Kunj, New Delhi","11/3/2016 - 11/3/2016, Every day, AM Peak",4509,3786,5368
"169","G-9, Block F 1U, Ranikhet, Pitampura, Delhi","261","Nangli Ibrahimpur Road, Kadipur, Kushak Colony, Kadipur Village, Delhi","11/3/2016 - 11/3/2016, Every day, AM Peak",351,250,491
"169","G-9, Block F 1U, Ranikhet, Pitampura, Delhi","263","200 Pirwali Gali, Block P, Block P, Patparganj, New Delhi","11/3/2016 - 11/3/2016, Every day, AM Peak",2298,1907,2768
"169","G-9, Block F 1U, Ranikhet, Pitampura, Delhi","264","Noida Link Road, Nehru Enclave, Shakarpur Khas, New Delhi","11/3/2016 - 11/3/2016, Every day, AM Peak",2203,1829,2652
"169","G-9, Block F 1U, Ranikhet, Pitampura, Delhi","265","0 Lane Number 8, Krishan Kunj Extension Part 2, Block G, Vishwakarma Park, Laxmi Nagar, Delhi","11/3/2016 - 11/3/2016, Every day, AM Peak",2013,1645,2462
"169","G-9, Block F 1U, Ranikhet, Pitampura, Delhi","267","nullPanduk Shila Marg, Kaithwara Jagjivan Nagar, New Usmanpur, Shahdara, Delhi","11/3/2016 - 11/3/2016, Every day, AM Peak",1803,1371,2370
"169","G-9, Block F 1U, Ranikhet, Pitampura, Delhi","275","125/16, Jogabai Extension, Zakir Nagar, Okhla, New Delhi","11/3/2016 - 11/3/2016, Every day, AM Peak",2914,2415,3515
"169","G-9, Block F 1U, Ranikhet, Pitampura, Delhi","277","700 Outer Ring Road, Bhalswa Jahangir Village, Jahangirpuri, नई दिल्ली","11/3/2016 - 11/3/2016, Every day, AM Peak",274,183,408
"169","G-9, Block F 1U, Ranikhet, Pitampura, Delhi","279","Nightingale Road, Budella, Vikaspuri, Delhi","11/3/2016 - 11/3/2016, Every day, AM Peak",1088,763,1549
"169","G-9, Block F 1U, Ranikhet, Pitampura, Delhi","280","nullHastsal Road, Block A2, JJ Colony, Uttam Nagar, Delhi","11/3/2016 - 11/3/2016, Every day, AM Peak",1699,1257,2295
"169","G-9, Block F 1U, Ranikhet, Pitampura, Delhi","281","D915, New Mahavir Nagar, Tilak Nagar, Delhi","11/3/2016 - 11/3/2016, Every day, AM Peak",1113,792,1563
"169","G-9, Block F 1U, Ranikhet, Pitampura, Delhi","282","Velodrome Road, Gandhi Smriti, Raj Ghat, New Delhi","11/3/2016 - 11/3/2016, Every day, AM Peak",2120,1690,2658
"169","G-9, Block F 1U, Ranikhet, Pitampura, Delhi","283","nullVijay Marg, Block B, Baljit Nagar, Patel Nagar, New Delhi","11/3/2016 - 11/3/2016, Every day, AM Peak",1506,1087,2086
"169","G-9, Block F 1U, Ranikhet, Pitampura, Delhi","287","L47, Block L, Shastri Nagar, Delhi","11/3/2016 - 11/3/2016, Every day, AM Peak",1226,912,1647