"Origin Movement ID","Origin Display Name","Destination Movement ID","Destination Display Name","Date Range","Mean Travel Time (Seconds)","Range - Lower Bound Travel Time (Seconds)","Range - Upper Bound Travel Time (Seconds)"
"124","30, 31, Block B, Mansarover Garden, New Delhi","1","300 Ring Road, Block CB, Naraina Village, Naraina, New Delhi","11/3/2016 - 11/3/2016, Every day, AM Peak",568,357,902
"124","30, 31, Block B, Mansarover Garden, New Delhi","2","Unnamed Road, Delhi Cantonment, New Delhi","11/3/2016 - 11/3/2016, Every day, AM Peak",736,511,1058
"124","30, 31, Block B, Mansarover Garden, New Delhi","3","Unnamed Road, Mahipalpur, New Delhi","11/3/2016 - 11/3/2016, Every day, AM Peak",1660,1188,2318
"124","30, 31, Block B, Mansarover Garden, New Delhi","4","P-268/3, Rock View, Delhi Cantonment, Delhi","11/3/2016 - 11/3/2016, Every day, AM Peak",1775,1315,2395
"124","30, 31, Block B, Mansarover Garden, New Delhi","5","Old Palam Road, Delhi Cantonment, New Delhi","11/3/2016 - 11/3/2016, Every day, AM Peak",1944,1446,2613
"124","30, 31, Block B, Mansarover Garden, New Delhi","6","Unnamed Road, CVD Line, Delhi Cantonment, New Delhi","11/3/2016 - 11/3/2016, Every day, AM Peak",1818,1453,2273
"124","30, 31, Block B, Mansarover Garden, New Delhi","7","P 13, Baird Place, Delhi Cantonment, New Delhi","11/3/2016 - 11/3/2016, Every day, AM Peak",1746,1131,2694
"124","30, 31, Block B, Mansarover Garden, New Delhi","8","Mall Road, Khyber Lines, Delhi Cantonment, New Delhi","11/3/2016 - 11/3/2016, Every day, AM Peak",993,710,1387
"124","30, 31, Block B, Mansarover Garden, New Delhi","9","Mahatma Jyothi Rao Phule Marg, Mahatma Jyoti Rao Phule Marg Area, New Delhi","11/3/2016 - 11/3/2016, Every day, AM Peak",2234,1840,2711
"124","30, 31, Block B, Mansarover Garden, New Delhi","10","0 Shaheed Bhagat Singh Marg, DIZ Staff Quarters, Connaught Place, New Delhi","11/3/2016 - 11/3/2016, Every day, AM Peak",1967,1648,2346
"124","30, 31, Block B, Mansarover Garden, New Delhi","11","Mother Teresa Crescent, Talkatora Garden, Central Ridge Reserve Forest, New Delhi","11/3/2016 - 11/3/2016, Every day, AM Peak",1077,760,1525
"124","30, 31, Block B, Mansarover Garden, New Delhi","12","Jantar Mantar Road, Janpath, Connaught Place, New Delhi","11/3/2016 - 11/3/2016, Every day, AM Peak",1953,1671,2281
"124","30, 31, Block B, Mansarover Garden, New Delhi","13","10, Aurangzeb Road, New Delhi","11/3/2016 - 11/3/2016, Every day, AM Peak",2219,1748,2816
"124","30, 31, Block B, Mansarover Garden, New Delhi","14","Mahatma Gandhi Road, Kidwai Nagar West, Kidwai Nagar, New Delhi","11/3/2016 - 11/3/2016, Every day, AM Peak",1597,1251,2037
"124","30, 31, Block B, Mansarover Garden, New Delhi","15","H205, Block H, Sarojini Nagar, New Delhi","11/3/2016 - 11/3/2016, Every day, AM Peak",1677,1474,1906
"124","30, 31, Block B, Mansarover Garden, New Delhi","16","Andre Malraux Marg, Ramnagar, Chanakyapuri, New Delhi","11/3/2016 - 11/3/2016, Every day, AM Peak",1092,813,1465
"124","30, 31, Block B, Mansarover Garden, New Delhi","17","0 Khanna Market Road, Aliganj, Lodi Colony, New Delhi","11/3/2016 - 11/3/2016, Every day, AM Peak",2124,1729,2608
"124","30, 31, Block B, Mansarover Garden, New Delhi","18","Unnamed Road, Lal Qila, Chandni Chowk, New Delhi","11/3/2016 - 11/3/2016, Every day, AM Peak",2266,1761,2914
"124","30, 31, Block B, Mansarover Garden, New Delhi","19","Mirdard Road, 64 Khamba, Maulana Azad Medical College Campus, New Delhi","11/3/2016 - 11/3/2016, Every day, AM Peak",2383,1999,2840
"124","30, 31, Block B, Mansarover Garden, New Delhi","23","nullStreet Number 5 NA Block, NA Block, Khayala, Vishnu Garden, नई दिल्ली","11/3/2016 - 11/3/2016, Every day, AM Peak",639,496,823
"124","30, 31, Block B, Mansarover Garden, New Delhi","24","268, Block B2, Shiv Nagar, Janakpuri, New Delhi","11/3/2016 - 11/3/2016, Every day, AM Peak",865,530,1410
"124","30, 31, Block B, Mansarover Garden, New Delhi","26","A3-214, Asalatpur Village, Janakpuri, Delhi","11/3/2016 - 11/3/2016, Every day, AM Peak",1214,749,1965
"124","30, 31, Block B, Mansarover Garden, New Delhi","27","0 Ram Mandir Marg, C5B Block, Janakpuri, New Delhi","11/3/2016 - 11/3/2016, Every day, AM Peak",1287,756,2188
"124","30, 31, Block B, Mansarover Garden, New Delhi","28","nullSchool Road, Block M, Uttam Nagar, Delhi","11/3/2016 - 11/3/2016, Every day, AM Peak",1184,1008,1390
"124","30, 31, Block B, Mansarover Garden, New Delhi","29","Street Number 14, Block C, Sitapuri Part 1, Janakpuri, New Delhi","11/3/2016 - 11/3/2016, Every day, AM Peak",1264,1072,1490
"124","30, 31, Block B, Mansarover Garden, New Delhi","61","Unnamed Road, National Zoological Park, Sundar Nagar, New Delhi","11/3/2016 - 11/3/2016, Every day, AM Peak",2539,2086,3088
"124","30, 31, Block B, Mansarover Garden, New Delhi","62","D/116, Jeewan Nagar, Sunlight Colony, New Delhi","11/3/2016 - 11/3/2016, Every day, AM Peak",2441,1832,3251
"124","30, 31, Block B, Mansarover Garden, New Delhi","63","Jawaharlal Nehru Stadium Marg, CGO Complex, Pragati Vihar, New Delhi","11/3/2016 - 11/3/2016, Every day, AM Peak",2401,2015,2859
"124","30, 31, Block B, Mansarover Garden, New Delhi","64","6/37, Vikram Vihar, Lajpat Nagar IV, Lajpat Nagar, New Delhi","11/3/2016 - 11/3/2016, Every day, AM Peak",2174,1734,2725
"124","30, 31, Block B, Mansarover Garden, New Delhi","65","Shaheed Jeet Singh Marg, NCERT Campus, Qutab Institutional Area, New Delhi","11/3/2016 - 11/3/2016, Every day, AM Peak",2270,1746,2950
"124","30, 31, Block B, Mansarover Garden, New Delhi","66","nullBhagat Singh Market Marg, Block K, Malviya Nagar, New Delhi","11/3/2016 - 11/3/2016, Every day, AM Peak",2788,2220,3500
"124","30, 31, Block B, Mansarover Garden, New Delhi","67","63/33, Hudco Place, Andrews Ganj Extension, Andrews Ganj, New Delhi","11/3/2016 - 11/3/2016, Every day, AM Peak",2098,1643,2677
"124","30, 31, Block B, Mansarover Garden, New Delhi","68","0 Paschimi Marg, Block E, Vasant Vihar, New Delhi","11/3/2016 - 11/3/2016, Every day, AM Peak",2182,1724,2760
"124","30, 31, Block B, Mansarover Garden, New Delhi","69","1129, Sector 2 R K Puram, Sector 2, RK Puram, New Delhi","11/3/2016 - 11/3/2016, Every day, AM Peak",2126,1591,2839
"124","30, 31, Block B, Mansarover Garden, New Delhi","70","G288, Sector 3, Block G, Nanak Pura, South Moti Bagh, New Delhi","11/3/2016 - 11/3/2016, Every day, AM Peak",1105,803,1519
"124","30, 31, Block B, Mansarover Garden, New Delhi","71","JNU Ring Road, Jawaharlal Nehru University, New Delhi","11/3/2016 - 11/3/2016, Every day, AM Peak",2226,1748,2833
"124","30, 31, Block B, Mansarover Garden, New Delhi","76","124, SPG Quarters, Sector 4, Pushp Vihar, New Delhi","11/3/2016 - 11/3/2016, Every day, AM Peak",3226,2623,3966
"124","30, 31, Block B, Mansarover Garden, New Delhi","80","E-492, Block E, Greater Kailash II, Greater Kailash, New Delhi","11/3/2016 - 11/3/2016, Every day, AM Peak",2994,2163,4142
"124","30, 31, Block B, Mansarover Garden, New Delhi","81","126, Block L 1, Alaknanda, New Delhi","11/3/2016 - 11/3/2016, Every day, AM Peak",3000,2071,4344
"124","30, 31, Block B, Mansarover Garden, New Delhi","82","286, Asian Games Village Complex, Siri Fort, New Delhi","11/3/2016 - 11/3/2016, Every day, AM Peak",2592,1957,3432
"124","30, 31, Block B, Mansarover Garden, New Delhi","83","C2, Block C, Kailash Colony, Greater Kailash, New Delhi","11/3/2016 - 11/3/2016, Every day, AM Peak",2620,2044,3358
"124","30, 31, Block B, Mansarover Garden, New Delhi","84","nullMathura Road, Friends Colony West, Block A, New Friends Colony, New Delhi","11/3/2016 - 11/3/2016, Every day, AM Peak",2575,2009,3299
"124","30, 31, Block B, Mansarover Garden, New Delhi","85","Outer Ring Road, Block 13, Nehru Enclave East, Okhla Industrial Area, New Delhi","11/3/2016 - 11/3/2016, Every day, AM Peak",2764,2236,3415
"124","30, 31, Block B, Mansarover Garden, New Delhi","87","0 Maharaja Agarsen Marg, Subash Khand, Giri Nagar, Kalkaji, New Delhi","11/3/2016 - 11/3/2016, Every day, AM Peak",2808,2289,3443
"124","30, 31, Block B, Mansarover Garden, New Delhi","90","C-86, Pocket C, Okhla Phase I, Okhla Industrial Area, New Delhi","11/3/2016 - 11/3/2016, Every day, AM Peak",3746,3104,4520
"124","30, 31, Block B, Mansarover Garden, New Delhi","91","nullTum Road, Sanjay Colony II, Sanjay Colony, Okhla Phase II, Okhla Industrial Area, New Delhi","11/3/2016 - 11/3/2016, Every day, AM Peak",3157,2727,3654
"124","30, 31, Block B, Mansarover Garden, New Delhi","101","4900 Ramdwara Road, Chuna Mandi, Aram Bagh, Paharganj, New Delhi","11/3/2016 - 11/3/2016, Every day, AM Peak",1708,1421,2052
"124","30, 31, Block B, Mansarover Garden, New Delhi","103","nullDasghara Road, Dasghara, New Delhi","11/3/2016 - 11/3/2016, Every day, AM Peak",910,630,1314
"124","30, 31, Block B, Mansarover Garden, New Delhi","104","nullArya Samaj Marg, Block A1, Block EA, Inder Puri, New Delhi","11/3/2016 - 11/3/2016, Every day, AM Peak",776,587,1025
"124","30, 31, Block B, Mansarover Garden, New Delhi","105","nullGoswami Girdhari Lal Marg, Industrial Area Phase I, Block C, Naraina Industrial Area Phase 1, Naraina, New Delhi","11/3/2016 - 11/3/2016, Every day, AM Peak",504,303,836
"124","30, 31, Block B, Mansarover Garden, New Delhi","107","1100 Zia UL Haq Road, Block A1, Chattarpur, Chhattarpur, New Delhi","11/3/2016 - 11/3/2016, Every day, AM Peak",3117,2404,4040
"124","30, 31, Block B, Mansarover Garden, New Delhi","111","61 TO 80, Pocket J, Sarita Vihar, New Delhi","11/3/2016 - 11/3/2016, Every day, AM Peak",3390,3129,3671
"124","30, 31, Block B, Mansarover Garden, New Delhi","121","22/55, West Punjabi Bagh, Punjabi Bagh, Delhi","11/3/2016 - 11/3/2016, Every day, AM Peak",281,189,416
"124","30, 31, Block B, Mansarover Garden, New Delhi","122","2600 Mandir Wali Gali, Ranjeet Nagar, Shadipur, Delhi","11/3/2016 - 11/3/2016, Every day, AM Peak",931,660,1312
"124","30, 31, Block B, Mansarover Garden, New Delhi","123","Loknath Marg, Block M, Kirti Nagar, New Delhi","11/3/2016 - 11/3/2016, Every day, AM Peak",405,227,720
"124","30, 31, Block B, Mansarover Garden, New Delhi","126","nullSwami Narayan Underpass Road, Block E, Sangam Park, Ashok Vihar, Delhi","11/3/2016 - 11/3/2016, Every day, AM Peak",1136,875,1473
"124","30, 31, Block B, Mansarover Garden, New Delhi","127","NDPL House, Lala Achintaram Marg, Block B, Gujranwala Town, Delhi","11/3/2016 - 11/3/2016, Every day, AM Peak",1236,1006,1517
"124","30, 31, Block B, Mansarover Garden, New Delhi","128","0 Shakti Mandir Marg, Block 10, Shakti Nagar, Delhi","11/3/2016 - 11/3/2016, Every day, AM Peak",1691,1113,2568
"124","30, 31, Block B, Mansarover Garden, New Delhi","129","Gali Number 8, Anand Parbat, New Delhi","11/3/2016 - 11/3/2016, Every day, AM Peak",1055,690,1610
"124","30, 31, Block B, Mansarover Garden, New Delhi","130","Bhagat Singh Marg, Kashmiri Bagh, Chandra Shekhar Azad Colony, Sarai Rohilla, New Delhi","11/3/2016 - 11/3/2016, Every day, AM Peak",1537,986,2394
"124","30, 31, Block B, Mansarover Garden, New Delhi","131","4400 Gali Bahuji, Pahari Dhiraj, Sadar Bazaar, Delhi","11/3/2016 - 11/3/2016, Every day, AM Peak",1791,1160,2764
"124","30, 31, Block B, Mansarover Garden, New Delhi","132","1600 Lothian Road, Chabi Ganj, Kashmere Gate, New Delhi","11/3/2016 - 11/3/2016, Every day, AM Peak",2437,1680,3533
"124","30, 31, Block B, Mansarover Garden, New Delhi","133","0 Raj Niwas Marg, Ludlow Castle, Civil Lines, Delhi","11/3/2016 - 11/3/2016, Every day, AM Peak",2102,1429,3090
"124","30, 31, Block B, Mansarover Garden, New Delhi","135","0 Uggarsen Market Road, Meenakshi Garden, Ashok Nagar, Delhi","11/3/2016 - 11/3/2016, Every day, AM Peak",453,316,648
"124","30, 31, Block B, Mansarover Garden, New Delhi","137","nullRoad Number 235, Block H, Vikaspuri, Delhi","11/3/2016 - 11/3/2016, Every day, AM Peak",1775,967,3257
"124","30, 31, Block B, Mansarover Garden, New Delhi","139","nullBudh Bazar Road, Nawada, Nawada Majra Village, Nawada, Delhi","11/3/2016 - 11/3/2016, Every day, AM Peak",1533,1334,1761
"124","30, 31, Block B, Mansarover Garden, New Delhi","140","A12/B, Sainik Nagar, Mansa Ram Park, Uttam Nagar, Delhi","11/3/2016 - 11/3/2016, Every day, AM Peak",1582,1402,1784
"124","30, 31, Block B, Mansarover Garden, New Delhi","142","Gali Number 1, Dabri Village, Dabri, New Delhi","11/3/2016 - 11/3/2016, Every day, AM Peak",1616,1021,2556
"124","30, 31, Block B, Mansarover Garden, New Delhi","143","nullRoad Number 221, Pocket 1, Sector 10 Dwarka, Dwarka, Delhi","11/3/2016 - 11/3/2016, Every day, AM Peak",1960,1695,2266
"124","30, 31, Block B, Mansarover Garden, New Delhi","148","Unnamed Road, Patparganj, New Delhi","11/3/2016 - 11/3/2016, Every day, AM Peak",2673,2067,3455
"124","30, 31, Block B, Mansarover Garden, New Delhi","155","Maharaja Agaersen Road, Block D, Pocket D, Phase 1, Ashok Vihar, Delhi","11/3/2016 - 11/3/2016, Every day, AM Peak",880,575,1345
"124","30, 31, Block B, Mansarover Garden, New Delhi","156","Doctor Satpal Sachdeva Marg, Keshav Puram, Tri Nagar, Delhi","11/3/2016 - 11/3/2016, Every day, AM Peak",752,463,1220
"124","30, 31, Block B, Mansarover Garden, New Delhi","157","CH Devender Singh Tewatia Marg, Ashok Vihar II, Pocket B 1, Phase 3, Ashok Vihar, Delhi","11/3/2016 - 11/3/2016, Every day, AM Peak",1178,946,1465
"124","30, 31, Block B, Mansarover Garden, New Delhi","158","484, Block E, Nimri Colony, Ashok Vihar, Delhi","11/3/2016 - 11/3/2016, Every day, AM Peak",948,759,1183
"124","30, 31, Block B, Mansarover Garden, New Delhi","159","300 Maharishi Balmiki Mandir Marg, Block H, Shakurpur Colony, Pitampura, Delhi","11/3/2016 - 11/3/2016, Every day, AM Peak",557,426,727
"124","30, 31, Block B, Mansarover Garden, New Delhi","160","23, Shiva Enclave, Pitampura, Delhi","11/3/2016 - 11/3/2016, Every day, AM Peak",888,600,1313
"124","30, 31, Block B, Mansarover Garden, New Delhi","161","nullLawrence Road, Rampura Industrial Area, Tri Nagar, Delhi","11/3/2016 - 11/3/2016, Every day, AM Peak",510,346,750
"124","30, 31, Block B, Mansarover Garden, New Delhi","163","0 Guru Harkishan Marg, Maulana Azad Society, Bhagwan Buddha Housing Corporation Society, Pitampura, Delhi","11/3/2016 - 11/3/2016, Every day, AM Peak",1586,920,2731
"124","30, 31, Block B, Mansarover Garden, New Delhi","164","Shakurbasti Pedestrian Foot Over Bridge, Shakur Basti Railway Colony, Railway Colony South, Pitampura, Delhi","11/3/2016 - 11/3/2016, Every day, AM Peak",429,291,630
"124","30, 31, Block B, Mansarover Garden, New Delhi","165","31, Cottage Enclave, Paschim Vihar, Delhi","11/3/2016 - 11/3/2016, Every day, AM Peak",975,581,1635
"124","30, 31, Block B, Mansarover Garden, New Delhi","166","nullRBI Enclave Road, Ankur Enclave, Paschim Vihar, Delhi","11/3/2016 - 11/3/2016, Every day, AM Peak",1072,676,1698
"124","30, 31, Block B, Mansarover Garden, New Delhi","167","nullShaheed Udham Singh Marg, AE Block, Poorbi Shalimar Bag, Shalimar Bagh, Delhi","11/3/2016 - 11/3/2016, Every day, AM Peak",819,575,1166
"124","30, 31, Block B, Mansarover Garden, New Delhi","169","G-9, Block F 1U, Ranikhet, Pitampura, Delhi","11/3/2016 - 11/3/2016, Every day, AM Peak",1358,913,2019
"124","30, 31, Block B, Mansarover Garden, New Delhi","170","nullColony Road, Block QP, Poorvi Pitampura, Pitampura, Delhi","11/3/2016 - 11/3/2016, Every day, AM Peak",741,520,1055
"124","30, 31, Block B, Mansarover Garden, New Delhi","171","nullG Block Road, Pocket 21, Sector 7G, Rohini, Delhi","11/3/2016 - 11/3/2016, Every day, AM Peak",1292,969,1721
"124","30, 31, Block B, Mansarover Garden, New Delhi","172","nullShiva Road, Pocket 14, Sector 8D, Rohini, Delhi","11/3/2016 - 11/3/2016, Every day, AM Peak",1237,868,1761
"124","30, 31, Block B, Mansarover Garden, New Delhi","173","Unnamed Road, Swarn Jayanti Park, Sector 10, Rohini, Delhi","11/3/2016 - 11/3/2016, Every day, AM Peak",1315,985,1755
"124","30, 31, Block B, Mansarover Garden, New Delhi","175","235, Block E, Block E, Mangolpuri, Delhi","11/3/2016 - 11/3/2016, Every day, AM Peak",2101,1230,3588
"124","30, 31, Block B, Mansarover Garden, New Delhi","176","B7-187, Pocket 7, Sector 3B, Rohini, Delhi","11/3/2016 - 11/3/2016, Every day, AM Peak",1886,1218,2918
"124","30, 31, Block B, Mansarover Garden, New Delhi","179","0 AB Road, Block RR, Mianwali Nagar, Paschim Vihar, Delhi","11/3/2016 - 11/3/2016, Every day, AM Peak",1260,844,1880
"124","30, 31, Block B, Mansarover Garden, New Delhi","180","GH-14/234, GH 14, Block GH 14, Paschim Vihar, Delhi","11/3/2016 - 11/3/2016, Every day, AM Peak",1650,1098,2478
"124","30, 31, Block B, Mansarover Garden, New Delhi","187","60, Vijay Vihar Phase II, Pocket C, Sector 1, Rohini, Delhi","11/3/2016 - 11/3/2016, Every day, AM Peak",1719,1345,2195
"124","30, 31, Block B, Mansarover Garden, New Delhi","193","Unnamed Road, Usmanpur, Shahdara, Delhi","11/3/2016 - 11/3/2016, Every day, AM Peak",2782,2023,3824
"124","30, 31, Block B, Mansarover Garden, New Delhi","196","nullSir Chotu Ram Marg, Pocket 4, Sector 6C, Rohini, Delhi","11/3/2016 - 11/3/2016, Every day, AM Peak",1687,1183,2404
"124","30, 31, Block B, Mansarover Garden, New Delhi","199","0 Shivaji Marg, New Moti Nagar, Najafgarh Road Industrial Area, Delhi","11/3/2016 - 11/3/2016, Every day, AM Peak",647,334,1252
"124","30, 31, Block B, Mansarover Garden, New Delhi","200","Dabri - Gurgaon Road, Pocket 2, Sector 1 Dwarka, Dwarka, New Delhi","11/3/2016 - 11/3/2016, Every day, AM Peak",2106,1386,3198
"124","30, 31, Block B, Mansarover Garden, New Delhi","204","0 East Patel Nagar Road, Block 10A, East Patel Nagar, Patel Nagar, New Delhi","11/3/2016 - 11/3/2016, Every day, AM Peak",1135,829,1553
"124","30, 31, Block B, Mansarover Garden, New Delhi","205","2100 Gali Number 14, Block B, Prem Nagar, Patel Nagar, New Delhi","11/3/2016 - 11/3/2016, Every day, AM Peak",792,543,1154
"124","30, 31, Block B, Mansarover Garden, New Delhi","208","Desh Bandhu Gupta Road, Block E, Jhandewalan Extension, Jhandewalan, New Delhi","11/3/2016 - 11/3/2016, Every day, AM Peak",1632,1287,2068
"124","30, 31, Block B, Mansarover Garden, New Delhi","209","nullMaharaja Agarsen Marg, Block A, CC Colony, Kalyan Vihar, नई दिल्ली","11/3/2016 - 11/3/2016, Every day, AM Peak",1478,1161,1880
"124","30, 31, Block B, Mansarover Garden, New Delhi","214","Doctor Bhim Rao Ambedkar Marg, Block H, Malka Ganj, Delhi","11/3/2016 - 11/3/2016, Every day, AM Peak",1729,1298,2301
"124","30, 31, Block B, Mansarover Garden, New Delhi","219","461, Block AG, Sanjay Gandhi Transport Nagar, Delhi","11/3/2016 - 11/3/2016, Every day, AM Peak",1613,1079,2410
"124","30, 31, Block B, Mansarover Garden, New Delhi","222","Sector E, Mahipalpur Village, Vasant Kunj, New Delhi","11/3/2016 - 11/3/2016, Every day, AM Peak",2390,1782,3204
"124","30, 31, Block B, Mansarover Garden, New Delhi","223","Urban Extension Road II, Indira Gandhi International Airport, New Delhi","11/3/2016 - 11/3/2016, Every day, AM Peak",2572,1937,3415
"124","30, 31, Block B, Mansarover Garden, New Delhi","225","0 Netaji Road, A Block, Block C, Adarsh Nagar, Delhi","11/3/2016 - 11/3/2016, Every day, AM Peak",927,623,1378
"124","30, 31, Block B, Mansarover Garden, New Delhi","226","Unnamed Road, Model Town, Delhi","11/3/2016 - 11/3/2016, Every day, AM Peak",1026,712,1476
"124","30, 31, Block B, Mansarover Garden, New Delhi","227","300 Lok Marg, Dhaka Colony, Mukherjee Nagar, Delhi","11/3/2016 - 11/3/2016, Every day, AM Peak",1538,1268,1864
"124","30, 31, Block B, Mansarover Garden, New Delhi","228","0 Lucknow Road, Banarsi Das Estate, Timarpur, Delhi","11/3/2016 - 11/3/2016, Every day, AM Peak",1953,1385,2753
"124","30, 31, Block B, Mansarover Garden, New Delhi","229","200 Road Number 28, Nehru Nagar, Shivaji Place, Basai Dara pur, Tagore Garden Extension, New Delhi","11/3/2016 - 11/3/2016, Every day, AM Peak",135,59,305
"124","30, 31, Block B, Mansarover Garden, New Delhi","230","N494, Block N, Raghubir Nagar, Tagore Garden Extension, Delhi","11/3/2016 - 11/3/2016, Every day, AM Peak",608,455,811
"124","30, 31, Block B, Mansarover Garden, New Delhi","231","G-17/6, Block G, Rajouri Garden, New Delhi","11/3/2016 - 11/3/2016, Every day, AM Peak",149,44,500
"124","30, 31, Block B, Mansarover Garden, New Delhi","232","4-3, Mayapuri Industrial Area Phase II, Mayapuri, New Delhi","11/3/2016 - 11/3/2016, Every day, AM Peak",1269,677,2378
"124","30, 31, Block B, Mansarover Garden, New Delhi","233","nullSatguru Ram Singh Marg, Block B, Mayapuri Industrial Area Phase I, Mayapuri, New Delhi","11/3/2016 - 11/3/2016, Every day, AM Peak",435,219,862
"124","30, 31, Block B, Mansarover Garden, New Delhi","234","113, Press Colony, Press Colony, Mayapuri, New Delhi","11/3/2016 - 11/3/2016, Every day, AM Peak",310,113,850
"124","30, 31, Block B, Mansarover Garden, New Delhi","240","37, Sector 15, Pocket 6, Sector 15B, Rohini, Delhi","11/3/2016 - 11/3/2016, Every day, AM Peak",1790,1122,2853
"124","30, 31, Block B, Mansarover Garden, New Delhi","244","Dhingra Park Trail, Punjabi Bagh Cooperative Housing Soceity, East Punjabi Bagh, Punjabi Bagh, Delhi","11/3/2016 - 11/3/2016, Every day, AM Peak",404,252,645
"124","30, 31, Block B, Mansarover Garden, New Delhi","246","nullShiv Mandir Marg, Block G, Lajpat Nagar I, Lajpat Nagar, New Delhi","11/3/2016 - 11/3/2016, Every day, AM Peak",2255,1693,3002
"124","30, 31, Block B, Mansarover Garden, New Delhi","248","Unnamed Road, Harijan Basti, Rajokri, New Delhi","11/3/2016 - 11/3/2016, Every day, AM Peak",2689,2055,3517
"124","30, 31, Block B, Mansarover Garden, New Delhi","250","719B, Madipur JJ Colony, Block B, Janta Colony, Paschim Vihar, Delhi","11/3/2016 - 11/3/2016, Every day, AM Peak",572,429,761
"124","30, 31, Block B, Mansarover Garden, New Delhi","251","A25, Block R, Pocket A, Rajender Nagar Part 1, New Rajinder Nagar, New Delhi","11/3/2016 - 11/3/2016, Every day, AM Peak",1370,1070,1752
"124","30, 31, Block B, Mansarover Garden, New Delhi","252","813, Sector 1, RK Puram, New Delhi","11/3/2016 - 11/3/2016, Every day, AM Peak",1440,1086,1908
"124","30, 31, Block B, Mansarover Garden, New Delhi","253","0 Chaudhary Harsukh Marg, B6, Block B6, Humayunpur, Safdarjung Enclave, New Delhi","11/3/2016 - 11/3/2016, Every day, AM Peak",1789,1355,2360
"124","30, 31, Block B, Mansarover Garden, New Delhi","254","Squadron Leader Mohinder Kumar Jain Marg, Block B, New Delhi","11/3/2016 - 11/3/2016, Every day, AM Peak",2278,1729,3000
"124","30, 31, Block B, Mansarover Garden, New Delhi","255","1700 Uday Chand Marg, Arya Basti, Zafar Nagar, Kotla Mubarakpur, South Extension I, New Delhi","11/3/2016 - 11/3/2016, Every day, AM Peak",1956,1541,2482
"124","30, 31, Block B, Mansarover Garden, New Delhi","256","D-70, Mahavir Enclave I, Mahavir Enclave Part 2, Mahavir Enclave, New Delhi","11/3/2016 - 11/3/2016, Every day, AM Peak",1842,1159,2925
"124","30, 31, Block B, Mansarover Garden, New Delhi","258","Sant Sujan Singh Marg, JJ Colony, Block N, Tagore Garden, Tagore Garden Extension, New Delhi","11/3/2016 - 11/3/2016, Every day, AM Peak",498,350,707
"124","30, 31, Block B, Mansarover Garden, New Delhi","259","Jogging Lane, Pocket B-C, Sector-A, Vasant Kunj, New Delhi","11/3/2016 - 11/3/2016, Every day, AM Peak",2842,2237,3609
"124","30, 31, Block B, Mansarover Garden, New Delhi","264","Noida Link Road, Nehru Enclave, Shakarpur Khas, New Delhi","11/3/2016 - 11/3/2016, Every day, AM Peak",3164,2395,4179
"124","30, 31, Block B, Mansarover Garden, New Delhi","272","Anuvrat Marg, Butterfly Park, Qila Rai Pithora, Mehrauli, New Delhi","11/3/2016 - 11/3/2016, Every day, AM Peak",2980,2369,3747
"124","30, 31, Block B, Mansarover Garden, New Delhi","275","125/16, Jogabai Extension, Zakir Nagar, Okhla, New Delhi","11/3/2016 - 11/3/2016, Every day, AM Peak",2279,1878,2764
"124","30, 31, Block B, Mansarover Garden, New Delhi","279","Nightingale Road, Budella, Vikaspuri, Delhi","11/3/2016 - 11/3/2016, Every day, AM Peak",2133,1190,3820
"124","30, 31, Block B, Mansarover Garden, New Delhi","280","nullHastsal Road, Block A2, JJ Colony, Uttam Nagar, Delhi","11/3/2016 - 11/3/2016, Every day, AM Peak",1315,1081,1598
"124","30, 31, Block B, Mansarover Garden, New Delhi","281","D915, New Mahavir Nagar, Tilak Nagar, Delhi","11/3/2016 - 11/3/2016, Every day, AM Peak",1348,747,2429
"124","30, 31, Block B, Mansarover Garden, New Delhi","282","Velodrome Road, Gandhi Smriti, Raj Ghat, New Delhi","11/3/2016 - 11/3/2016, Every day, AM Peak",2635,2289,3032
"124","30, 31, Block B, Mansarover Garden, New Delhi","283","nullVijay Marg, Block B, Baljit Nagar, Patel Nagar, New Delhi","11/3/2016 - 11/3/2016, Every day, AM Peak",756,512,1114
"124","30, 31, Block B, Mansarover Garden, New Delhi","287","L47, Block L, Shastri Nagar, Delhi","11/3/2016 - 11/3/2016, Every day, AM Peak",1093,799,1495